name,iso,id,country,admin_level,category,range_type,range,population,school_age_population,school_age_population_share,school_age_population_interval,school_age_population_interval_share,population_share,population_interval,population_interval_share
Meherpur,,16705992B11914188004823,BGD,ADM2,education,DISTANCE,5000,212001,65548,30.85,65548,30.85,30.87,212001,30.87
Meherpur,,16705992B11914188004823,BGD,ADM2,education,DISTANCE,10000,429607,132886,62.55,67338,31.69,62.56,217606,31.69
Meherpur,,16705992B11914188004823,BGD,ADM2,education,DISTANCE,15000,559329,173044,81.45,40158,18.9,81.45,129722,18.89
Meherpur,,16705992B11914188004823,BGD,ADM2,education,DISTANCE,20000,627388,194120,91.37,21076,9.92,91.36,68059,9.91
Meherpur,,16705992B11914188004823,BGD,ADM2,education,DISTANCE,25000,641396,198451,93.41,4331,2.04,93.4,14008,2.04
Meherpur,,16705992B11914188004823,BGD,ADM2,education,DISTANCE,30000,642521,198799,93.57,348,0.16,93.56,1125,0.16
Meherpur,,16705992B11914188004823,BGD,ADM2,education,DISTANCE,35000,643511,199105,93.71,306,0.14,93.71,990,0.14
Meherpur,,16705992B11914188004823,BGD,ADM2,education,DISTANCE,40000,644708,199475,93.89,370,0.17,93.88,1197,0.17
Meherpur,,16705992B11914188004823,BGD,ADM2,education,DISTANCE,45000,645106,199598,93.95,123,0.06,93.94,398,0.06
Meherpur,,16705992B11914188004823,BGD,ADM2,education,DISTANCE,50000,645294,199656,93.97,58,0.03,93.97,188,0.03
Barguna,,16705992B13795829103768,BGD,ADM2,education,DISTANCE,5000,321734,108508,35.74,108508,35.74,35.78,321734,35.78
Barguna,,16705992B13795829103768,BGD,ADM2,education,DISTANCE,10000,423175,142715,47.01,34207,11.27,47.06,101441,11.28
Barguna,,16705992B13795829103768,BGD,ADM2,education,DISTANCE,15000,487291,164384,54.15,21669,7.14,54.19,64116,7.13
Barguna,,16705992B13795829103768,BGD,ADM2,education,DISTANCE,20000,617598,208410,68.65,44026,14.5,68.68,130307,14.49
Barguna,,16705992B13795829103768,BGD,ADM2,education,DISTANCE,25000,701328,236725,77.97,28315,9.33,78.0,83730,9.31
Barguna,,16705992B13795829103768,BGD,ADM2,education,DISTANCE,30000,746995,252154,83.06,15429,5.08,83.08,45667,5.08
Barguna,,16705992B13795829103768,BGD,ADM2,education,DISTANCE,35000,790503,266836,87.89,14682,4.84,87.91,43508,4.84
Barguna,,16705992B13795829103768,BGD,ADM2,education,DISTANCE,40000,794512,268188,88.34,1352,0.45,88.36,4009,0.45
Barguna,,16705992B13795829103768,BGD,ADM2,education,DISTANCE,45000,794523,268192,88.34,4,0.0,88.36,11,0.0
Barguna,,16705992B13795829103768,BGD,ADM2,education,DISTANCE,50000,794525,268192,88.34,0,0.0,88.36,2,0.0
Jhalokati,,16705992B14602656752780,BGD,ADM2,education,DISTANCE,5000,272271,99158,40.75,99158,40.75,40.72,272271,40.72
Jhalokati,,16705992B14602656752780,BGD,ADM2,education,DISTANCE,10000,329948,120135,49.38,20977,8.62,49.35,57677,8.63
Jhalokati,,16705992B14602656752780,BGD,ADM2,education,DISTANCE,15000,408817,148822,61.17,28687,11.79,61.14,78869,11.8
Jhalokati,,16705992B14602656752780,BGD,ADM2,education,DISTANCE,20000,473592,172398,70.85,23576,9.69,70.83,64775,9.69
Jhalokati,,16705992B14602656752780,BGD,ADM2,education,DISTANCE,25000,522024,190008,78.09,17610,7.24,78.08,48432,7.24
Jhalokati,,16705992B14602656752780,BGD,ADM2,education,DISTANCE,30000,542380,197405,81.13,7397,3.04,81.12,20356,3.04
Jhalokati,,16705992B14602656752780,BGD,ADM2,education,DISTANCE,35000,545579,198565,81.61,1160,0.48,81.6,3199,0.48
Jhalokati,,16705992B14602656752780,BGD,ADM2,education,DISTANCE,40000,546202,198791,81.7,226,0.09,81.69,623,0.09
Jhalokati,,16705992B14602656752780,BGD,ADM2,education,DISTANCE,45000,546617,198940,81.76,149,0.06,81.75,415,0.06
Jhalokati,,16705992B14602656752780,BGD,ADM2,education,DISTANCE,50000,548920,199778,82.11,838,0.34,82.1,2303,0.34
Chuadanga,,16705992B19758630986204,BGD,ADM2,education,DISTANCE,5000,346168,111993,28.05,111993,28.05,28.05,346168,28.05
Chuadanga,,16705992B19758630986204,BGD,ADM2,education,DISTANCE,10000,683857,221234,55.42,109241,27.37,55.42,337689,27.36
Chuadanga,,16705992B19758630986204,BGD,ADM2,education,DISTANCE,15000,1016790,328912,82.39,107678,26.97,82.39,332933,26.98
Chuadanga,,16705992B19758630986204,BGD,ADM2,education,DISTANCE,20000,1117995,361642,90.59,32730,8.2,90.6,101205,8.2
Chuadanga,,16705992B19758630986204,BGD,ADM2,education,DISTANCE,25000,1186065,383659,96.11,22017,5.52,96.11,68070,5.52
Chuadanga,,16705992B19758630986204,BGD,ADM2,education,DISTANCE,30000,1193200,385967,96.69,2308,0.58,96.69,7135,0.58
Chuadanga,,16705992B19758630986204,BGD,ADM2,education,DISTANCE,35000,1217398,393793,98.65,7826,1.96,98.65,24198,1.96
Chuadanga,,16705992B19758630986204,BGD,ADM2,education,DISTANCE,40000,1217398,393793,98.65,0,0.0,98.65,0,0.0
Chuadanga,,16705992B19758630986204,BGD,ADM2,education,DISTANCE,45000,1217398,393793,98.65,0,0.0,98.65,0,0.0
Chuadanga,,16705992B19758630986204,BGD,ADM2,education,DISTANCE,50000,1217398,393793,98.65,0,0.0,98.65,0,0.0
Kushtia,,16705992B21124734124900,BGD,ADM2,education,DISTANCE,5000,821377,267599,39.45,267599,39.45,39.45,821377,39.45
Kushtia,,16705992B21124734124900,BGD,ADM2,education,DISTANCE,10000,1218823,397065,58.54,129466,19.09,58.53,397446,19.09
Kushtia,,16705992B21124734124900,BGD,ADM2,education,DISTANCE,15000,1494559,486842,71.78,89777,13.24,71.78,275736,13.24
Kushtia,,16705992B21124734124900,BGD,ADM2,education,DISTANCE,20000,1694079,551769,81.35,64927,9.57,81.36,199520,9.58
Kushtia,,16705992B21124734124900,BGD,ADM2,education,DISTANCE,25000,1707586,556170,82.0,4401,0.65,82.01,13507,0.65
Kushtia,,16705992B21124734124900,BGD,ADM2,education,DISTANCE,30000,1713994,558258,82.31,2088,0.31,82.31,6408,0.31
Kushtia,,16705992B21124734124900,BGD,ADM2,education,DISTANCE,35000,1734694,565005,83.3,6747,0.99,83.31,20700,0.99
Kushtia,,16705992B21124734124900,BGD,ADM2,education,DISTANCE,40000,1736782,565685,83.4,680,0.1,83.41,2088,0.1
Kushtia,,16705992B21124734124900,BGD,ADM2,education,DISTANCE,45000,1879990,612330,90.28,46645,6.88,90.29,143208,6.88
Kushtia,,16705992B21124734124900,BGD,ADM2,education,DISTANCE,50000,1880972,612647,90.33,317,0.05,90.33,982,0.05
Khulna,,16705992B21968895988188,BGD,ADM2,education,DISTANCE,5000,1234932,397645,53.29,397645,53.29,53.33,1234932,53.33
Khulna,,16705992B21968895988188,BGD,ADM2,education,DISTANCE,10000,1524180,491054,65.81,93409,12.52,65.82,289248,12.49
Khulna,,16705992B21968895988188,BGD,ADM2,education,DISTANCE,15000,1719154,553913,74.23,62859,8.42,74.24,194974,8.42
Khulna,,16705992B21968895988188,BGD,ADM2,education,DISTANCE,20000,1856302,598164,80.16,44251,5.93,80.16,137148,5.92
Khulna,,16705992B21968895988188,BGD,ADM2,education,DISTANCE,25000,1915776,617313,82.73,19149,2.57,82.73,59474,2.57
Khulna,,16705992B21968895988188,BGD,ADM2,education,DISTANCE,30000,1998449,643978,86.3,26665,3.57,86.3,82673,3.57
Khulna,,16705992B21968895988188,BGD,ADM2,education,DISTANCE,35000,2022234,651642,87.33,7664,1.03,87.33,23785,1.03
Khulna,,16705992B21968895988188,BGD,ADM2,education,DISTANCE,40000,2045828,659243,88.35,7601,1.02,88.34,23594,1.02
Khulna,,16705992B21968895988188,BGD,ADM2,education,DISTANCE,45000,2072851,667960,89.52,8717,1.17,89.51,27023,1.17
Khulna,,16705992B21968895988188,BGD,ADM2,education,DISTANCE,50000,2085761,672116,90.07,4156,0.56,90.07,12910,0.56
Joypurhat,,16705992B2288856744536,BGD,ADM2,education,DISTANCE,5000,144771,43286,15.58,43286,15.58,15.59,144771,15.59
Joypurhat,,16705992B2288856744536,BGD,ADM2,education,DISTANCE,10000,211706,63306,22.78,20020,7.2,22.79,66935,7.21
Joypurhat,,16705992B2288856744536,BGD,ADM2,education,DISTANCE,15000,361540,108185,38.93,44879,16.15,38.93,149834,16.13
Joypurhat,,16705992B2288856744536,BGD,ADM2,education,DISTANCE,20000,533086,159501,57.4,51316,18.47,57.39,171546,18.47
Joypurhat,,16705992B2288856744536,BGD,ADM2,education,DISTANCE,25000,611057,182835,65.79,23334,8.4,65.79,77971,8.39
Joypurhat,,16705992B2288856744536,BGD,ADM2,education,DISTANCE,30000,652656,195301,70.28,12466,4.49,70.27,41599,4.48
Joypurhat,,16705992B2288856744536,BGD,ADM2,education,DISTANCE,35000,817476,244578,88.01,49277,17.73,88.01,164820,17.75
Joypurhat,,16705992B2288856744536,BGD,ADM2,education,DISTANCE,40000,899693,269183,96.87,24605,8.85,96.87,82217,8.85
Joypurhat,,16705992B2288856744536,BGD,ADM2,education,DISTANCE,45000,928806,277886,100.0,8703,3.13,100.0,29113,3.13
Joypurhat,,16705992B2288856744536,BGD,ADM2,education,DISTANCE,50000,928806,277886,100.0,0,0.0,100.0,0,0.0
Bandarban,,16705992B23463827258150,BGD,ADM2,education,DISTANCE,5000,160617,67069,30.17,67069,30.17,30.05,160617,30.05
Bandarban,,16705992B23463827258150,BGD,ADM2,education,DISTANCE,10000,223048,93115,41.88,26046,11.72,41.73,62431,11.68
Bandarban,,16705992B23463827258150,BGD,ADM2,education,DISTANCE,15000,241559,100685,45.29,7570,3.4,45.2,18511,3.46
Bandarban,,16705992B23463827258150,BGD,ADM2,education,DISTANCE,20000,262102,109251,49.14,8566,3.85,49.04,20543,3.84
Bandarban,,16705992B23463827258150,BGD,ADM2,education,DISTANCE,25000,284444,118587,53.34,9336,4.2,53.22,22342,4.18
Bandarban,,16705992B23463827258150,BGD,ADM2,education,DISTANCE,30000,309267,128634,57.86,10047,4.52,57.86,24823,4.64
Bandarban,,16705992B23463827258150,BGD,ADM2,education,DISTANCE,35000,351008,146313,65.81,17679,7.95,65.67,41741,7.81
Bandarban,,16705992B23463827258150,BGD,ADM2,education,DISTANCE,40000,382183,159354,71.67,13041,5.87,71.51,31175,5.83
Bandarban,,16705992B23463827258150,BGD,ADM2,education,DISTANCE,45000,396009,165139,74.28,5785,2.6,74.09,13826,2.59
Bandarban,,16705992B23463827258150,BGD,ADM2,education,DISTANCE,50000,403878,168383,75.74,3244,1.46,75.57,7869,1.47
Jessore,,16705992B28022870637862,BGD,ADM2,education,DISTANCE,5000,1741971,569766,57.06,569766,57.06,57.07,1741971,57.07
Jessore,,16705992B28022870637862,BGD,ADM2,education,DISTANCE,10000,2543673,832303,83.35,262537,26.29,83.34,801702,26.27
Jessore,,16705992B28022870637862,BGD,ADM2,education,DISTANCE,15000,2992921,979199,98.06,146896,14.71,98.06,449248,14.72
Jessore,,16705992B28022870637862,BGD,ADM2,education,DISTANCE,20000,3040127,994638,99.61,15439,1.55,99.61,47206,1.55
Jessore,,16705992B28022870637862,BGD,ADM2,education,DISTANCE,25000,3045518,996400,99.78,1762,0.18,99.78,5391,0.18
Jessore,,16705992B28022870637862,BGD,ADM2,education,DISTANCE,30000,3048806,997476,99.89,1076,0.11,99.89,3288,0.11
Jessore,,16705992B28022870637862,BGD,ADM2,education,DISTANCE,35000,3050626,998071,99.95,595,0.06,99.95,1820,0.06
Jessore,,16705992B28022870637862,BGD,ADM2,education,DISTANCE,40000,3050753,998112,99.95,41,0.0,99.95,127,0.0
Jessore,,16705992B28022870637862,BGD,ADM2,education,DISTANCE,45000,3050753,998112,99.95,0,0.0,99.95,0,0.0
Jessore,,16705992B28022870637862,BGD,ADM2,education,DISTANCE,50000,3050769,998118,99.95,6,0.0,99.95,16,0.0
Brahamanbaria,,16705992B2831557138260,BGD,ADM2,education,DISTANCE,5000,774050,340404,23.91,340404,23.91,23.9,774050,23.9
Brahamanbaria,,16705992B2831557138260,BGD,ADM2,education,DISTANCE,10000,1264222,556013,39.05,215609,15.14,39.03,490172,15.13
Brahamanbaria,,16705992B2831557138260,BGD,ADM2,education,DISTANCE,15000,1848930,813150,57.11,257137,18.06,57.08,584708,18.05
Brahamanbaria,,16705992B2831557138260,BGD,ADM2,education,DISTANCE,20000,2243459,986694,69.3,173544,12.19,69.26,394529,12.18
Brahamanbaria,,16705992B2831557138260,BGD,ADM2,education,DISTANCE,25000,2471366,1086927,76.33,100233,7.04,76.29,227907,7.04
Brahamanbaria,,16705992B2831557138260,BGD,ADM2,education,DISTANCE,30000,2700912,1187910,83.43,100983,7.09,83.38,229546,7.09
Brahamanbaria,,16705992B2831557138260,BGD,ADM2,education,DISTANCE,35000,2821560,1240958,87.15,53048,3.73,87.1,120648,3.72
Brahamanbaria,,16705992B2831557138260,BGD,ADM2,education,DISTANCE,40000,2833412,1246157,87.52,5199,0.37,87.47,11852,0.37
Brahamanbaria,,16705992B2831557138260,BGD,ADM2,education,DISTANCE,45000,2910548,1280081,89.9,33924,2.38,89.85,77136,2.38
Brahamanbaria,,16705992B2831557138260,BGD,ADM2,education,DISTANCE,50000,2911404,1280458,89.93,377,0.03,89.88,856,0.03
Narayanganj,,16705992B28796010313895,BGD,ADM2,education,DISTANCE,5000,2981745,1059342,80.15,1059342,80.15,80.17,2981745,80.17
Narayanganj,,16705992B28796010313895,BGD,ADM2,education,DISTANCE,10000,3596012,1277686,96.67,218344,16.52,96.68,614267,16.51
Narayanganj,,16705992B28796010313895,BGD,ADM2,education,DISTANCE,15000,3648213,1296250,98.08,18564,1.4,98.08,52201,1.4
Narayanganj,,16705992B28796010313895,BGD,ADM2,education,DISTANCE,20000,3649907,1296853,98.12,603,0.05,98.13,1694,0.05
Narayanganj,,16705992B28796010313895,BGD,ADM2,education,DISTANCE,25000,3658448,1299891,98.35,3038,0.23,98.36,8541,0.23
Narayanganj,,16705992B28796010313895,BGD,ADM2,education,DISTANCE,30000,3660004,1300445,98.39,554,0.04,98.4,1556,0.04
Narayanganj,,16705992B28796010313895,BGD,ADM2,education,DISTANCE,35000,3660313,1300555,98.4,110,0.01,98.41,309,0.01
Narayanganj,,16705992B28796010313895,BGD,ADM2,education,DISTANCE,40000,3660533,1300633,98.41,78,0.01,98.42,220,0.01
Narayanganj,,16705992B28796010313895,BGD,ADM2,education,DISTANCE,45000,3660718,1300699,98.41,66,0.0,98.42,185,0.0
Narayanganj,,16705992B28796010313895,BGD,ADM2,education,DISTANCE,50000,3660781,1300721,98.42,22,0.0,98.42,63,0.0
Lakshmipur,,16705992B31973889793084,BGD,ADM2,education,DISTANCE,5000,431210,181484,21.35,181484,21.35,21.33,431210,21.33
Lakshmipur,,16705992B31973889793084,BGD,ADM2,education,DISTANCE,10000,645582,271613,31.95,90129,10.6,31.94,214372,10.61
Lakshmipur,,16705992B31973889793084,BGD,ADM2,education,DISTANCE,15000,847830,356628,41.95,85015,10.0,41.94,202248,10.01
Lakshmipur,,16705992B31973889793084,BGD,ADM2,education,DISTANCE,20000,1191111,500800,58.91,144172,16.96,58.93,343281,16.98
Lakshmipur,,16705992B31973889793084,BGD,ADM2,education,DISTANCE,25000,1478639,621631,73.13,120831,14.21,73.15,287528,14.22
Lakshmipur,,16705992B31973889793084,BGD,ADM2,education,DISTANCE,30000,1533416,644718,75.84,23087,2.72,75.86,54777,2.71
Lakshmipur,,16705992B31973889793084,BGD,ADM2,education,DISTANCE,35000,1537205,646312,76.03,1594,0.19,76.05,3789,0.19
Lakshmipur,,16705992B31973889793084,BGD,ADM2,education,DISTANCE,40000,1538829,646996,76.11,684,0.08,76.13,1624,0.08
Lakshmipur,,16705992B31973889793084,BGD,ADM2,education,DISTANCE,45000,1539853,647426,76.16,430,0.05,76.18,1024,0.05
Lakshmipur,,16705992B31973889793084,BGD,ADM2,education,DISTANCE,50000,1714571,721052,84.82,73626,8.66,84.83,174718,8.64
Naogaon,,16705992B34203284467157,BGD,ADM2,education,DISTANCE,5000,460602,142158,16.81,142158,16.81,16.82,460602,16.82
Naogaon,,16705992B34203284467157,BGD,ADM2,education,DISTANCE,10000,749254,231232,27.34,89074,10.53,27.35,288652,10.54
Naogaon,,16705992B34203284467157,BGD,ADM2,education,DISTANCE,15000,1022322,315649,37.32,84417,9.98,37.32,273068,9.97
Naogaon,,16705992B34203284467157,BGD,ADM2,education,DISTANCE,20000,1344441,415068,49.08,99419,11.76,49.08,322119,11.76
Naogaon,,16705992B34203284467157,BGD,ADM2,education,DISTANCE,25000,1596521,492908,58.28,77840,9.2,58.28,252080,9.2
Naogaon,,16705992B34203284467157,BGD,ADM2,education,DISTANCE,30000,1677476,517895,61.23,24987,2.95,61.24,80955,2.96
Naogaon,,16705992B34203284467157,BGD,ADM2,education,DISTANCE,35000,1761051,543685,64.28,25790,3.05,64.29,83575,3.05
Naogaon,,16705992B34203284467157,BGD,ADM2,education,DISTANCE,40000,1876485,579305,68.5,35620,4.21,68.5,115434,4.21
Naogaon,,16705992B34203284467157,BGD,ADM2,education,DISTANCE,45000,2049047,632558,74.79,53253,6.3,74.8,172562,6.3
Naogaon,,16705992B34203284467157,BGD,ADM2,education,DISTANCE,50000,2052932,633804,74.94,1246,0.15,74.95,3885,0.14
Rangpur,,16705992B34260815515495,BGD,ADM2,education,DISTANCE,5000,695692,239714,21.41,239714,21.41,21.48,695692,21.48
Rangpur,,16705992B34260815515495,BGD,ADM2,education,DISTANCE,10000,1514432,521920,46.62,282206,25.21,46.77,818740,25.28
Rangpur,,16705992B34260815515495,BGD,ADM2,education,DISTANCE,15000,2344984,808420,72.21,286500,25.59,72.42,830552,25.65
Rangpur,,16705992B34260815515495,BGD,ADM2,education,DISTANCE,20000,2765085,953710,85.19,145290,12.98,85.39,420101,12.97
Rangpur,,16705992B34260815515495,BGD,ADM2,education,DISTANCE,25000,3058680,1056499,94.37,102789,9.18,94.45,293595,9.07
Rangpur,,16705992B34260815515495,BGD,ADM2,education,DISTANCE,30000,3078891,1063695,95.02,7196,0.64,95.08,20211,0.62
Rangpur,,16705992B34260815515495,BGD,ADM2,education,DISTANCE,35000,3208256,1108421,99.01,44726,4.0,99.07,129365,3.99
Rangpur,,16705992B34260815515495,BGD,ADM2,education,DISTANCE,40000,3209155,1108763,99.04,342,0.03,99.1,899,0.03
Rangpur,,16705992B34260815515495,BGD,ADM2,education,DISTANCE,45000,3209351,1108831,99.05,68,0.01,99.11,196,0.01
Rangpur,,16705992B34260815515495,BGD,ADM2,education,DISTANCE,50000,3209603,1108917,99.06,86,0.01,99.12,252,0.01
Cox's Bazar,,16705992B34517682786426,BGD,ADM2,education,DISTANCE,5000,930493,430553,33.41,430553,33.41,33.41,930493,33.41
Cox's Bazar,,16705992B34517682786426,BGD,ADM2,education,DISTANCE,10000,1426869,660267,51.23,229714,17.82,51.23,496376,17.82
Cox's Bazar,,16705992B34517682786426,BGD,ADM2,education,DISTANCE,15000,1826013,844916,65.56,184649,14.33,65.55,399144,14.33
Cox's Bazar,,16705992B34517682786426,BGD,ADM2,education,DISTANCE,20000,2116210,979233,75.98,134317,10.42,75.97,290197,10.42
Cox's Bazar,,16705992B34517682786426,BGD,ADM2,education,DISTANCE,25000,2219703,1027012,79.69,47779,3.71,79.69,103493,3.72
Cox's Bazar,,16705992B34517682786426,BGD,ADM2,education,DISTANCE,30000,2326937,1076561,83.54,49549,3.84,83.54,107234,3.85
Cox's Bazar,,16705992B34517682786426,BGD,ADM2,education,DISTANCE,35000,2379966,1101106,85.44,24545,1.9,85.44,53029,1.9
Cox's Bazar,,16705992B34517682786426,BGD,ADM2,education,DISTANCE,40000,2388377,1104999,85.74,3893,0.3,85.74,8411,0.3
Cox's Bazar,,16705992B34517682786426,BGD,ADM2,education,DISTANCE,45000,2514356,1163263,90.26,58264,4.52,90.27,125979,4.52
Cox's Bazar,,16705992B34517682786426,BGD,ADM2,education,DISTANCE,50000,2612161,1208535,93.78,45272,3.51,93.78,97805,3.51
Khagrachhari,,16705992B35326431749719,BGD,ADM2,education,DISTANCE,5000,112445,44329,15.9,44329,15.9,15.89,112445,15.89
Khagrachhari,,16705992B35326431749719,BGD,ADM2,education,DISTANCE,10000,123814,48807,17.51,4478,1.61,17.5,11369,1.61
Khagrachhari,,16705992B35326431749719,BGD,ADM2,education,DISTANCE,15000,164726,64935,23.29,16128,5.79,23.28,40912,5.78
Khagrachhari,,16705992B35326431749719,BGD,ADM2,education,DISTANCE,20000,244888,96500,34.62,31565,11.32,34.61,80162,11.33
Khagrachhari,,16705992B35326431749719,BGD,ADM2,education,DISTANCE,25000,277500,109332,39.22,12832,4.6,39.21,32612,4.61
Khagrachhari,,16705992B35326431749719,BGD,ADM2,education,DISTANCE,30000,282467,111290,39.92,1958,0.7,39.92,4967,0.7
Khagrachhari,,16705992B35326431749719,BGD,ADM2,education,DISTANCE,35000,310054,122166,43.82,10876,3.9,43.81,27587,3.9
Khagrachhari,,16705992B35326431749719,BGD,ADM2,education,DISTANCE,40000,335464,132183,47.42,10017,3.59,47.41,25410,3.59
Khagrachhari,,16705992B35326431749719,BGD,ADM2,education,DISTANCE,45000,479627,188966,67.79,56783,20.37,67.78,144163,20.37
Khagrachhari,,16705992B35326431749719,BGD,ADM2,education,DISTANCE,50000,520361,205025,73.55,16059,5.76,73.53,40734,5.76
Rangamati,,16705992B35610473312733,BGD,ADM2,education,DISTANCE,5000,174563,65303,25.43,65303,25.43,25.42,174563,25.42
Rangamati,,16705992B35610473312733,BGD,ADM2,education,DISTANCE,10000,206174,77135,30.04,11832,4.61,30.02,31611,4.6
Rangamati,,16705992B35610473312733,BGD,ADM2,education,DISTANCE,15000,240673,90095,35.09,12960,5.05,35.04,34499,5.02
Rangamati,,16705992B35610473312733,BGD,ADM2,education,DISTANCE,20000,245563,91921,35.8,1826,0.71,35.75,4890,0.71
Rangamati,,16705992B35610473312733,BGD,ADM2,education,DISTANCE,25000,260760,97614,38.02,5693,2.22,37.97,15197,2.21
Rangamati,,16705992B35610473312733,BGD,ADM2,education,DISTANCE,30000,287404,107567,41.89,9953,3.88,41.85,26644,3.88
Rangamati,,16705992B35610473312733,BGD,ADM2,education,DISTANCE,35000,300145,112324,43.75,4757,1.85,43.7,12741,1.86
Rangamati,,16705992B35610473312733,BGD,ADM2,education,DISTANCE,40000,303897,113758,44.31,1434,0.56,44.25,3752,0.55
Rangamati,,16705992B35610473312733,BGD,ADM2,education,DISTANCE,45000,304597,114019,44.41,261,0.1,44.35,700,0.1
Rangamati,,16705992B35610473312733,BGD,ADM2,education,DISTANCE,50000,337529,126314,49.2,12295,4.79,49.14,32932,4.79
Bhola,,16705992B37732832620169,BGD,ADM2,education,DISTANCE,5000,985927,412231,52.79,412231,52.79,52.71,985927,52.71
Bhola,,16705992B37732832620169,BGD,ADM2,education,DISTANCE,10000,1113807,465669,59.63,53438,6.84,59.55,127880,6.84
Bhola,,16705992B37732832620169,BGD,ADM2,education,DISTANCE,15000,1150423,480980,61.59,15311,1.96,61.51,36616,1.96
Bhola,,16705992B37732832620169,BGD,ADM2,education,DISTANCE,20000,1346508,562950,72.09,81970,10.5,71.99,196085,10.48
Bhola,,16705992B37732832620169,BGD,ADM2,education,DISTANCE,25000,1405022,587414,75.22,24464,3.13,75.12,58514,3.13
Bhola,,16705992B37732832620169,BGD,ADM2,education,DISTANCE,30000,1413310,590879,75.66,3465,0.44,75.56,8288,0.44
Bhola,,16705992B37732832620169,BGD,ADM2,education,DISTANCE,35000,1428683,597307,76.49,6428,0.82,76.38,15373,0.82
Bhola,,16705992B37732832620169,BGD,ADM2,education,DISTANCE,40000,1429127,597493,76.51,186,0.02,76.41,444,0.02
Bhola,,16705992B37732832620169,BGD,ADM2,education,DISTANCE,45000,1431758,598593,76.65,1100,0.14,76.55,2631,0.14
Bhola,,16705992B37732832620169,BGD,ADM2,education,DISTANCE,50000,1432308,598823,76.68,230,0.03,76.58,550,0.03
Natore,,16705992B43065208682222,BGD,ADM2,education,DISTANCE,5000,380780,122161,20.39,122161,20.39,20.38,380780,20.38
Natore,,16705992B43065208682222,BGD,ADM2,education,DISTANCE,10000,605801,194331,32.43,72170,12.04,32.42,225021,12.04
Natore,,16705992B43065208682222,BGD,ADM2,education,DISTANCE,15000,649749,208454,34.79,14123,2.36,34.77,43948,2.35
Natore,,16705992B43065208682222,BGD,ADM2,education,DISTANCE,20000,946238,303511,50.65,95057,15.86,50.64,296489,15.87
Natore,,16705992B43065208682222,BGD,ADM2,education,DISTANCE,25000,1251761,401525,67.0,98014,16.36,67.0,305523,16.35
Natore,,16705992B43065208682222,BGD,ADM2,education,DISTANCE,30000,1406651,451185,75.29,49660,8.29,75.28,154890,8.29
Natore,,16705992B43065208682222,BGD,ADM2,education,DISTANCE,35000,1518184,486947,81.26,35762,5.97,81.25,111533,5.97
Natore,,16705992B43065208682222,BGD,ADM2,education,DISTANCE,40000,1726079,553602,92.38,66655,11.12,92.38,207895,11.13
Natore,,16705992B43065208682222,BGD,ADM2,education,DISTANCE,45000,1855617,595147,99.31,41545,6.93,99.31,129538,6.93
Natore,,16705992B43065208682222,BGD,ADM2,education,DISTANCE,50000,1855617,595147,99.31,0,0.0,99.31,0,0.0
Thakurgaon,,16705992B44482388014877,BGD,ADM2,education,DISTANCE,5000,273351,99937,17.9,99937,17.9,17.9,273351,17.9
Thakurgaon,,16705992B44482388014877,BGD,ADM2,education,DISTANCE,10000,443031,161981,29.02,62044,11.11,29.02,169680,11.11
Thakurgaon,,16705992B44482388014877,BGD,ADM2,education,DISTANCE,15000,675279,246896,44.23,84915,15.21,44.23,232248,15.21
Thakurgaon,,16705992B44482388014877,BGD,ADM2,education,DISTANCE,20000,992421,362849,65.0,115953,20.77,65.0,317142,20.77
Thakurgaon,,16705992B44482388014877,BGD,ADM2,education,DISTANCE,25000,1104219,403728,72.33,40879,7.32,72.32,111798,7.32
Thakurgaon,,16705992B44482388014877,BGD,ADM2,education,DISTANCE,30000,1222422,446939,80.07,43211,7.74,80.07,118203,7.74
Thakurgaon,,16705992B44482388014877,BGD,ADM2,education,DISTANCE,35000,1240961,453714,81.28,6775,1.21,81.28,18539,1.21
Thakurgaon,,16705992B44482388014877,BGD,ADM2,education,DISTANCE,40000,1244311,454939,81.5,1225,0.22,81.5,3350,0.22
Thakurgaon,,16705992B44482388014877,BGD,ADM2,education,DISTANCE,45000,1253395,458260,82.09,3321,0.59,82.09,9084,0.59
Thakurgaon,,16705992B44482388014877,BGD,ADM2,education,DISTANCE,50000,1265725,462768,82.9,4508,0.81,82.9,12330,0.81
Pirojpur,,16705992B46028667424095,BGD,ADM2,education,DISTANCE,5000,179736,63436,16.22,63436,16.22,16.22,179736,16.22
Pirojpur,,16705992B46028667424095,BGD,ADM2,education,DISTANCE,10000,314516,111046,28.39,47610,12.17,28.38,134780,12.16
Pirojpur,,16705992B46028667424095,BGD,ADM2,education,DISTANCE,15000,510201,180139,46.05,69093,17.66,46.03,195685,17.65
Pirojpur,,16705992B46028667424095,BGD,ADM2,education,DISTANCE,20000,660230,233087,59.58,52948,13.53,59.57,150029,13.54
Pirojpur,,16705992B46028667424095,BGD,ADM2,education,DISTANCE,25000,716464,252994,64.67,19907,5.09,64.64,56234,5.07
Pirojpur,,16705992B46028667424095,BGD,ADM2,education,DISTANCE,30000,765974,270467,69.14,17473,4.47,69.11,49510,4.47
Pirojpur,,16705992B46028667424095,BGD,ADM2,education,DISTANCE,35000,849301,299707,76.61,29240,7.47,76.62,83327,7.52
Pirojpur,,16705992B46028667424095,BGD,ADM2,education,DISTANCE,40000,856483,302251,77.26,2544,0.65,77.27,7182,0.65
Pirojpur,,16705992B46028667424095,BGD,ADM2,education,DISTANCE,45000,857271,302529,77.33,278,0.07,77.34,788,0.07
Pirojpur,,16705992B46028667424095,BGD,ADM2,education,DISTANCE,50000,857408,302577,77.35,48,0.01,77.35,137,0.01
Pabna,,16705992B46384724638491,BGD,ADM2,education,DISTANCE,5000,831120,291382,29.28,291382,29.28,29.25,831120,29.25
Pabna,,16705992B46384724638491,BGD,ADM2,education,DISTANCE,10000,1257282,440746,44.3,149364,15.01,44.25,426162,15.0
Pabna,,16705992B46384724638491,BGD,ADM2,education,DISTANCE,15000,1518581,532326,53.5,91580,9.2,53.45,261299,9.2
Pabna,,16705992B46384724638491,BGD,ADM2,education,DISTANCE,20000,1904391,667553,67.09,135227,13.59,67.03,385810,13.58
Pabna,,16705992B46384724638491,BGD,ADM2,education,DISTANCE,25000,2017495,707178,71.07,39625,3.98,71.01,113104,3.98
Pabna,,16705992B46384724638491,BGD,ADM2,education,DISTANCE,30000,2128589,746113,74.99,38935,3.91,74.92,111094,3.91
Pabna,,16705992B46384724638491,BGD,ADM2,education,DISTANCE,35000,2265824,794221,79.82,48108,4.83,79.75,137235,4.83
Pabna,,16705992B46384724638491,BGD,ADM2,education,DISTANCE,40000,2281667,799776,80.38,5555,0.56,80.31,15843,0.56
Pabna,,16705992B46384724638491,BGD,ADM2,education,DISTANCE,45000,2664227,933808,93.85,134032,13.47,93.77,382560,13.47
Pabna,,16705992B46384724638491,BGD,ADM2,education,DISTANCE,50000,2708421,949304,95.41,15496,1.56,95.33,44194,1.56
Netrakona,,16705992B47191620994273,BGD,ADM2,education,DISTANCE,5000,743181,298989,30.75,298989,30.75,30.75,743181,30.75
Netrakona,,16705992B47191620994273,BGD,ADM2,education,DISTANCE,10000,1454120,584948,60.15,285959,29.41,60.17,710939,29.42
Netrakona,,16705992B47191620994273,BGD,ADM2,education,DISTANCE,15000,1916420,771393,79.33,186445,19.17,79.3,462300,19.13
Netrakona,,16705992B47191620994273,BGD,ADM2,education,DISTANCE,20000,2139582,861058,88.55,89665,9.22,88.53,223162,9.23
Netrakona,,16705992B47191620994273,BGD,ADM2,education,DISTANCE,25000,2303776,927045,95.33,65987,6.79,95.33,164194,6.79
Netrakona,,16705992B47191620994273,BGD,ADM2,education,DISTANCE,30000,2355089,947669,97.45,20624,2.12,97.45,51313,2.12
Netrakona,,16705992B47191620994273,BGD,ADM2,education,DISTANCE,35000,2366257,952153,97.92,4484,0.46,97.91,11168,0.46
Netrakona,,16705992B47191620994273,BGD,ADM2,education,DISTANCE,40000,2370827,953970,98.1,1817,0.19,98.1,4570,0.19
Netrakona,,16705992B47191620994273,BGD,ADM2,education,DISTANCE,45000,2378139,956909,98.4,2939,0.3,98.4,7312,0.3
Netrakona,,16705992B47191620994273,BGD,ADM2,education,DISTANCE,50000,2378508,957057,98.42,148,0.02,98.42,369,0.02
Sylhet,,16705992B47932115867008,BGD,ADM2,education,DISTANCE,5000,2284085,980759,53.76,980759,53.76,53.75,2284085,53.75
Sylhet,,16705992B47932115867008,BGD,ADM2,education,DISTANCE,10000,3535869,1517949,83.2,537190,29.44,83.2,1251784,29.46
Sylhet,,16705992B47932115867008,BGD,ADM2,education,DISTANCE,15000,4011000,1721958,94.39,204009,11.18,94.38,475131,11.18
Sylhet,,16705992B47932115867008,BGD,ADM2,education,DISTANCE,20000,4142665,1778486,97.48,56528,3.1,97.48,131665,3.1
Sylhet,,16705992B47932115867008,BGD,ADM2,education,DISTANCE,25000,4174940,1792348,98.24,13862,0.76,98.24,32275,0.76
Sylhet,,16705992B47932115867008,BGD,ADM2,education,DISTANCE,30000,4199957,1803030,98.83,10682,0.59,98.83,25017,0.59
Sylhet,,16705992B47932115867008,BGD,ADM2,education,DISTANCE,35000,4207170,1806130,99.0,3100,0.17,99.0,7213,0.17
Sylhet,,16705992B47932115867008,BGD,ADM2,education,DISTANCE,40000,4208927,1806885,99.04,755,0.04,99.04,1757,0.04
Sylhet,,16705992B47932115867008,BGD,ADM2,education,DISTANCE,45000,4210786,1807687,99.08,802,0.04,99.08,1859,0.04
Sylhet,,16705992B47932115867008,BGD,ADM2,education,DISTANCE,50000,4222764,1812829,99.37,5142,0.28,99.37,11978,0.28
Rajbari,,16705992B48875454234518,BGD,ADM2,education,DISTANCE,5000,233828,82041,20.46,82041,20.46,20.47,233828,20.47
Rajbari,,16705992B48875454234518,BGD,ADM2,education,DISTANCE,10000,428174,150450,37.51,68409,17.06,37.49,194346,17.02
Rajbari,,16705992B48875454234518,BGD,ADM2,education,DISTANCE,15000,526478,184979,46.12,34529,8.61,46.1,98304,8.61
Rajbari,,16705992B48875454234518,BGD,ADM2,education,DISTANCE,20000,656150,230645,57.51,45666,11.39,57.45,129672,11.35
Rajbari,,16705992B48875454234518,BGD,ADM2,education,DISTANCE,25000,737645,259262,64.64,28617,7.14,64.59,81495,7.14
Rajbari,,16705992B48875454234518,BGD,ADM2,education,DISTANCE,30000,750676,263835,65.78,4573,1.14,65.73,13031,1.14
Rajbari,,16705992B48875454234518,BGD,ADM2,education,DISTANCE,35000,758708,266653,66.49,2818,0.7,66.44,8032,0.7
Rajbari,,16705992B48875454234518,BGD,ADM2,education,DISTANCE,40000,773476,271835,67.78,5182,1.29,67.73,14768,1.29
Rajbari,,16705992B48875454234518,BGD,ADM2,education,DISTANCE,45000,775181,272433,67.93,598,0.15,67.88,1705,0.15
Rajbari,,16705992B48875454234518,BGD,ADM2,education,DISTANCE,50000,780844,274430,68.43,1997,0.5,68.37,5663,0.5
Patuakhali,,16705992B49808088196813,BGD,ADM2,education,DISTANCE,5000,406654,148779,24.8,148779,24.8,24.76,406654,24.76
Patuakhali,,16705992B49808088196813,BGD,ADM2,education,DISTANCE,10000,595560,217791,36.3,69012,11.5,36.27,188906,11.5
Patuakhali,,16705992B49808088196813,BGD,ADM2,education,DISTANCE,15000,726564,265536,44.26,47745,7.96,44.25,131004,7.98
Patuakhali,,16705992B49808088196813,BGD,ADM2,education,DISTANCE,20000,828810,302892,50.49,37356,6.23,50.47,102246,6.23
Patuakhali,,16705992B49808088196813,BGD,ADM2,education,DISTANCE,25000,1035958,378264,63.05,75372,12.56,63.09,207148,12.61
Patuakhali,,16705992B49808088196813,BGD,ADM2,education,DISTANCE,30000,1121890,409688,68.29,31424,5.24,68.32,85932,5.23
Patuakhali,,16705992B49808088196813,BGD,ADM2,education,DISTANCE,35000,1208308,441273,73.55,31585,5.26,73.58,86418,5.26
Patuakhali,,16705992B49808088196813,BGD,ADM2,education,DISTANCE,40000,1236962,451760,75.3,10487,1.75,75.33,28654,1.74
Patuakhali,,16705992B49808088196813,BGD,ADM2,education,DISTANCE,45000,1290729,471431,78.58,19671,3.28,78.6,53767,3.27
Patuakhali,,16705992B49808088196813,BGD,ADM2,education,DISTANCE,50000,1371624,501028,83.51,29597,4.93,83.53,80895,4.93
Gazipur,,16705992B50862305652789,BGD,ADM2,education,DISTANCE,5000,3670094,1175275,61.6,1175275,61.6,61.71,3670094,61.71
Gazipur,,16705992B50862305652789,BGD,ADM2,education,DISTANCE,10000,5041163,1616630,84.73,441355,23.13,84.76,1371069,23.05
Gazipur,,16705992B50862305652789,BGD,ADM2,education,DISTANCE,15000,5657267,1814716,95.11,198086,10.38,95.12,616104,10.36
Gazipur,,16705992B50862305652789,BGD,ADM2,education,DISTANCE,20000,5782782,1855059,97.23,40343,2.11,97.23,125515,2.11
Gazipur,,16705992B50862305652789,BGD,ADM2,education,DISTANCE,25000,5894646,1891000,99.11,35941,1.88,99.11,111864,1.88
Gazipur,,16705992B50862305652789,BGD,ADM2,education,DISTANCE,30000,5943257,1906570,99.93,15570,0.82,99.93,48611,0.82
Gazipur,,16705992B50862305652789,BGD,ADM2,education,DISTANCE,35000,5947464,1907921,100.0,1351,0.07,100.0,4207,0.07
Gazipur,,16705992B50862305652789,BGD,ADM2,education,DISTANCE,40000,5947464,1907921,100.0,0,0.0,100.0,0,0.0
Gazipur,,16705992B50862305652789,BGD,ADM2,education,DISTANCE,45000,5947464,1907921,100.0,0,0.0,100.0,0,0.0
Gazipur,,16705992B50862305652789,BGD,ADM2,education,DISTANCE,50000,5947464,1907921,100.0,0,0.0,100.0,0,0.0
Rajshahi,,16705992B51815672792645,BGD,ADM2,education,DISTANCE,5000,800605,257722,27.66,257722,27.66,27.67,800605,27.67
Rajshahi,,16705992B51815672792645,BGD,ADM2,education,DISTANCE,10000,1069828,344354,36.96,86632,9.3,36.97,269223,9.3
Rajshahi,,16705992B51815672792645,BGD,ADM2,education,DISTANCE,15000,1269766,408693,43.86,64339,6.91,43.88,199938,6.91
Rajshahi,,16705992B51815672792645,BGD,ADM2,education,DISTANCE,20000,1550598,499077,53.56,90384,9.7,53.59,280832,9.71
Rajshahi,,16705992B51815672792645,BGD,ADM2,education,DISTANCE,25000,1767990,569049,61.07,69972,7.51,61.1,217392,7.51
Rajshahi,,16705992B51815672792645,BGD,ADM2,education,DISTANCE,30000,1986003,639218,68.6,70169,7.53,68.63,218013,7.53
Rajshahi,,16705992B51815672792645,BGD,ADM2,education,DISTANCE,35000,2093886,673928,72.33,34710,3.73,72.36,107883,3.73
Rajshahi,,16705992B51815672792645,BGD,ADM2,education,DISTANCE,40000,2186227,703638,75.52,29710,3.19,75.55,92341,3.19
Rajshahi,,16705992B51815672792645,BGD,ADM2,education,DISTANCE,45000,2320993,746998,80.17,43360,4.65,80.21,134766,4.66
Rajshahi,,16705992B51815672792645,BGD,ADM2,education,DISTANCE,50000,2411069,775985,83.28,28987,3.11,83.32,90076,3.11
Mymensingh,,16705992B54511139091050,BGD,ADM2,education,DISTANCE,5000,1704047,659956,29.84,659956,29.84,29.83,1704047,29.83
Mymensingh,,16705992B54511139091050,BGD,ADM2,education,DISTANCE,10000,2724823,1055387,47.72,395431,17.88,47.7,1020776,17.87
Mymensingh,,16705992B54511139091050,BGD,ADM2,education,DISTANCE,15000,3779455,1463762,66.18,408375,18.46,66.16,1054632,18.46
Mymensingh,,16705992B54511139091050,BGD,ADM2,education,DISTANCE,20000,4757536,1842446,83.3,378684,17.12,83.28,978081,17.12
Mymensingh,,16705992B54511139091050,BGD,ADM2,education,DISTANCE,25000,5106967,1977479,89.41,135033,6.11,89.4,349431,6.12
Mymensingh,,16705992B54511139091050,BGD,ADM2,education,DISTANCE,30000,5404682,2092518,94.61,115039,5.2,94.61,297715,5.21
Mymensingh,,16705992B54511139091050,BGD,ADM2,education,DISTANCE,35000,5536800,2143698,96.92,51180,2.31,96.92,132118,2.31
Mymensingh,,16705992B54511139091050,BGD,ADM2,education,DISTANCE,40000,5543180,2146184,97.04,2486,0.11,97.04,6380,0.11
Mymensingh,,16705992B54511139091050,BGD,ADM2,education,DISTANCE,45000,5549619,2148679,97.15,2495,0.11,97.15,6439,0.11
Mymensingh,,16705992B54511139091050,BGD,ADM2,education,DISTANCE,50000,5559364,2152453,97.32,3774,0.17,97.32,9745,0.17
Sirajganj,,16705992B55394931042500,BGD,ADM2,education,DISTANCE,5000,845114,310117,24.2,310117,24.2,24.18,845114,24.18
Sirajganj,,16705992B55394931042500,BGD,ADM2,education,DISTANCE,10000,1539525,564734,44.07,254617,19.87,44.06,694411,19.87
Sirajganj,,16705992B55394931042500,BGD,ADM2,education,DISTANCE,15000,1960597,719243,56.13,154509,12.06,56.11,421072,12.05
Sirajganj,,16705992B55394931042500,BGD,ADM2,education,DISTANCE,20000,2420533,887889,69.3,168646,13.16,69.27,459936,13.16
Sirajganj,,16705992B55394931042500,BGD,ADM2,education,DISTANCE,25000,2636348,967012,75.47,79123,6.18,75.44,215815,6.18
Sirajganj,,16705992B55394931042500,BGD,ADM2,education,DISTANCE,30000,2768988,1015608,79.26,48596,3.79,79.24,132640,3.8
Sirajganj,,16705992B55394931042500,BGD,ADM2,education,DISTANCE,35000,2905392,1065673,83.17,50065,3.91,83.14,136404,3.9
Sirajganj,,16705992B55394931042500,BGD,ADM2,education,DISTANCE,40000,2907107,1066301,83.22,628,0.05,83.19,1715,0.05
Sirajganj,,16705992B55394931042500,BGD,ADM2,education,DISTANCE,45000,2995508,1098639,85.74,32338,2.52,85.72,88401,2.53
Sirajganj,,16705992B55394931042500,BGD,ADM2,education,DISTANCE,50000,3112617,1141429,89.08,42790,3.34,89.07,117109,3.35
Tangail,,16705992B55867939933107,BGD,ADM2,education,DISTANCE,5000,1064134,353362,27.71,353362,27.71,27.71,1064134,27.71
Tangail,,16705992B55867939933107,BGD,ADM2,education,DISTANCE,10000,1508381,500839,39.28,147477,11.57,39.28,444247,11.57
Tangail,,16705992B55867939933107,BGD,ADM2,education,DISTANCE,15000,1980478,657648,51.58,156809,12.3,51.58,472097,12.29
Tangail,,16705992B55867939933107,BGD,ADM2,education,DISTANCE,20000,2813716,934343,73.28,276695,21.7,73.28,833238,21.7
Tangail,,16705992B55867939933107,BGD,ADM2,education,DISTANCE,25000,3111514,1033253,81.03,98910,7.76,81.03,297798,7.76
Tangail,,16705992B55867939933107,BGD,ADM2,education,DISTANCE,30000,3300934,1096152,85.96,62899,4.93,85.96,189420,4.93
Tangail,,16705992B55867939933107,BGD,ADM2,education,DISTANCE,35000,3314668,1100713,86.32,4561,0.36,86.32,13734,0.36
Tangail,,16705992B55867939933107,BGD,ADM2,education,DISTANCE,40000,3361043,1116105,87.53,15392,1.21,87.53,46375,1.21
Tangail,,16705992B55867939933107,BGD,ADM2,education,DISTANCE,45000,3361669,1116313,87.55,208,0.02,87.55,626,0.02
Tangail,,16705992B55867939933107,BGD,ADM2,education,DISTANCE,50000,3362096,1116454,87.56,141,0.01,87.56,427,0.01
Narail,,16705992B56503274196630,BGD,ADM2,education,DISTANCE,5000,210869,75694,27.22,75694,27.22,27.25,210869,27.25
Narail,,16705992B56503274196630,BGD,ADM2,education,DISTANCE,10000,398374,143169,51.49,67475,24.27,51.49,187505,24.23
Narail,,16705992B56503274196630,BGD,ADM2,education,DISTANCE,15000,555598,199564,71.78,56395,20.28,71.81,157224,20.32
Narail,,16705992B56503274196630,BGD,ADM2,education,DISTANCE,20000,659438,236906,85.21,37342,13.43,85.23,103840,13.42
Narail,,16705992B56503274196630,BGD,ADM2,education,DISTANCE,25000,691140,248314,89.31,11408,4.1,89.33,31702,4.1
Narail,,16705992B56503274196630,BGD,ADM2,education,DISTANCE,30000,743036,266965,96.02,18651,6.71,96.04,51896,6.71
Narail,,16705992B56503274196630,BGD,ADM2,education,DISTANCE,35000,744072,267337,96.15,372,0.13,96.17,1036,0.13
Narail,,16705992B56503274196630,BGD,ADM2,education,DISTANCE,40000,770131,276751,99.54,9414,3.39,99.54,26059,3.37
Narail,,16705992B56503274196630,BGD,ADM2,education,DISTANCE,45000,770663,276942,99.61,191,0.07,99.61,532,0.07
Narail,,16705992B56503274196630,BGD,ADM2,education,DISTANCE,50000,770733,276967,99.61,25,0.01,99.62,70,0.01
Comilla,,16705992B59490572634285,BGD,ADM2,education,DISTANCE,5000,2543439,1054371,42.55,1054371,42.55,42.55,2543439,42.55
Comilla,,16705992B59490572634285,BGD,ADM2,education,DISTANCE,10000,4386020,1818201,73.38,763830,30.83,73.38,1842581,30.83
Comilla,,16705992B59490572634285,BGD,ADM2,education,DISTANCE,15000,5328834,2209071,89.15,390870,15.77,89.15,942814,15.77
Comilla,,16705992B59490572634285,BGD,ADM2,education,DISTANCE,20000,5650760,2342491,94.54,133420,5.38,94.54,321926,5.39
Comilla,,16705992B59490572634285,BGD,ADM2,education,DISTANCE,25000,5760419,2387959,96.37,45468,1.84,96.37,109659,1.83
Comilla,,16705992B59490572634285,BGD,ADM2,education,DISTANCE,30000,5785111,2398197,96.79,10238,0.41,96.79,24692,0.41
Comilla,,16705992B59490572634285,BGD,ADM2,education,DISTANCE,35000,5807802,2407631,97.17,9434,0.38,97.17,22691,0.38
Comilla,,16705992B59490572634285,BGD,ADM2,education,DISTANCE,40000,5922306,2455121,99.08,47490,1.92,99.08,114504,1.92
Comilla,,16705992B59490572634285,BGD,ADM2,education,DISTANCE,45000,5923943,2455805,99.11,684,0.03,99.11,1637,0.03
Comilla,,16705992B59490572634285,BGD,ADM2,education,DISTANCE,50000,5924221,2455921,99.12,116,0.0,99.11,278,0.0
Satkhira,,16705992B60176987344662,BGD,ADM2,education,DISTANCE,5000,571325,187216,28.48,187216,28.48,28.48,571325,28.48
Satkhira,,16705992B60176987344662,BGD,ADM2,education,DISTANCE,10000,930843,305026,46.41,117810,17.92,46.41,359518,17.92
Satkhira,,16705992B60176987344662,BGD,ADM2,education,DISTANCE,15000,1253224,410666,62.48,105640,16.07,62.48,322381,16.07
Satkhira,,16705992B60176987344662,BGD,ADM2,education,DISTANCE,20000,1477173,484052,73.65,73386,11.17,73.65,223949,11.17
Satkhira,,16705992B60176987344662,BGD,ADM2,education,DISTANCE,25000,1703980,558374,84.95,74322,11.31,84.95,226807,11.31
Satkhira,,16705992B60176987344662,BGD,ADM2,education,DISTANCE,30000,1790525,586733,89.27,28359,4.31,89.27,86545,4.31
Satkhira,,16705992B60176987344662,BGD,ADM2,education,DISTANCE,35000,1808114,592497,90.15,5764,0.88,90.14,17589,0.88
Satkhira,,16705992B60176987344662,BGD,ADM2,education,DISTANCE,40000,1825138,598076,90.99,5579,0.85,90.99,17024,0.85
Satkhira,,16705992B60176987344662,BGD,ADM2,education,DISTANCE,45000,1888015,618676,94.13,20600,3.13,94.13,62877,3.13
Satkhira,,16705992B60176987344662,BGD,ADM2,education,DISTANCE,50000,1907168,624952,95.08,6276,0.95,95.08,19153,0.95
Sunamganj,,16705992B61059366245275,BGD,ADM2,education,DISTANCE,5000,830737,363450,28.92,363450,28.92,28.92,830737,28.92
Sunamganj,,16705992B61059366245275,BGD,ADM2,education,DISTANCE,10000,1599627,699816,55.69,336366,26.77,55.69,768890,26.77
Sunamganj,,16705992B61059366245275,BGD,ADM2,education,DISTANCE,15000,2160033,944865,75.19,245049,19.5,75.2,560406,19.51
Sunamganj,,16705992B61059366245275,BGD,ADM2,education,DISTANCE,20000,2519433,1102166,87.71,157301,12.52,87.71,359400,12.51
Sunamganj,,16705992B61059366245275,BGD,ADM2,education,DISTANCE,25000,2677488,1171305,93.21,69139,5.5,93.21,158055,5.5
Sunamganj,,16705992B61059366245275,BGD,ADM2,education,DISTANCE,30000,2716331,1188305,94.57,17000,1.35,94.57,38843,1.35
Sunamganj,,16705992B61059366245275,BGD,ADM2,education,DISTANCE,35000,2746630,1201561,95.62,13256,1.05,95.62,30299,1.05
Sunamganj,,16705992B61059366245275,BGD,ADM2,education,DISTANCE,40000,2779211,1215824,96.76,14263,1.14,96.76,32581,1.13
Sunamganj,,16705992B61059366245275,BGD,ADM2,education,DISTANCE,45000,2822188,1234628,98.25,18804,1.5,98.25,42977,1.5
Sunamganj,,16705992B61059366245275,BGD,ADM2,education,DISTANCE,50000,2824088,1235459,98.32,831,0.07,98.32,1900,0.07
Maulvibazar,,16705992B62450131352427,BGD,ADM2,education,DISTANCE,5000,462971,187874,20.88,187874,20.88,20.91,462971,20.91
Maulvibazar,,16705992B62450131352427,BGD,ADM2,education,DISTANCE,10000,859470,349214,38.82,161340,17.93,38.82,396499,17.91
Maulvibazar,,16705992B62450131352427,BGD,ADM2,education,DISTANCE,15000,1145610,465597,51.76,116383,12.94,51.74,286140,12.92
Maulvibazar,,16705992B62450131352427,BGD,ADM2,education,DISTANCE,20000,1396448,567610,63.09,102013,11.34,63.07,250838,11.33
Maulvibazar,,16705992B62450131352427,BGD,ADM2,education,DISTANCE,25000,1477551,600587,66.76,32977,3.67,66.73,81103,3.66
Maulvibazar,,16705992B62450131352427,BGD,ADM2,education,DISTANCE,30000,1660715,674918,75.02,74331,8.26,75.0,183164,8.27
Maulvibazar,,16705992B62450131352427,BGD,ADM2,education,DISTANCE,35000,1783783,724868,80.58,49950,5.55,80.56,123068,5.56
Maulvibazar,,16705992B62450131352427,BGD,ADM2,education,DISTANCE,40000,1789418,727157,80.83,2289,0.25,80.82,5635,0.25
Maulvibazar,,16705992B62450131352427,BGD,ADM2,education,DISTANCE,45000,1839525,747520,83.09,20363,2.26,83.08,50107,2.26
Maulvibazar,,16705992B62450131352427,BGD,ADM2,education,DISTANCE,50000,1907501,775159,86.17,27639,3.07,86.15,67976,3.07
Jamalpur,,16705992B65705561019803,BGD,ADM2,education,DISTANCE,5000,1107655,398640,45.76,398640,45.76,45.76,1107655,45.76
Jamalpur,,16705992B65705561019803,BGD,ADM2,education,DISTANCE,10000,1625169,584832,67.13,186192,21.37,67.14,517514,21.38
Jamalpur,,16705992B65705561019803,BGD,ADM2,education,DISTANCE,15000,1894477,681709,78.25,96877,11.12,78.26,269308,11.13
Jamalpur,,16705992B65705561019803,BGD,ADM2,education,DISTANCE,20000,2029779,730397,83.84,48688,5.59,83.85,135302,5.59
Jamalpur,,16705992B65705561019803,BGD,ADM2,education,DISTANCE,25000,2115569,761303,87.38,30906,3.55,87.4,85790,3.54
Jamalpur,,16705992B65705561019803,BGD,ADM2,education,DISTANCE,30000,2202474,792580,90.97,31277,3.59,90.99,86905,3.59
Jamalpur,,16705992B65705561019803,BGD,ADM2,education,DISTANCE,35000,2214269,796823,91.46,4243,0.49,91.47,11795,0.49
Jamalpur,,16705992B65705561019803,BGD,ADM2,education,DISTANCE,40000,2214543,796922,91.47,99,0.01,91.49,274,0.01
Jamalpur,,16705992B65705561019803,BGD,ADM2,education,DISTANCE,45000,2214685,796973,91.48,51,0.01,91.49,142,0.01
Jamalpur,,16705992B65705561019803,BGD,ADM2,education,DISTANCE,50000,2214799,797014,91.48,41,0.0,91.5,114,0.0
Dinajpur,,16705992B66423446659680,BGD,ADM2,education,DISTANCE,5000,1160551,395648,35.71,395648,35.71,35.71,1160551,35.71
Dinajpur,,16705992B66423446659680,BGD,ADM2,education,DISTANCE,10000,1946378,663549,59.89,267901,24.18,59.89,785827,24.18
Dinajpur,,16705992B66423446659680,BGD,ADM2,education,DISTANCE,15000,2698920,920070,83.04,256521,23.15,83.05,752542,23.16
Dinajpur,,16705992B66423446659680,BGD,ADM2,education,DISTANCE,20000,3083590,1051179,94.88,131109,11.83,94.89,384670,11.84
Dinajpur,,16705992B66423446659680,BGD,ADM2,education,DISTANCE,25000,3186854,1086436,98.06,35257,3.18,98.06,103264,3.18
Dinajpur,,16705992B66423446659680,BGD,ADM2,education,DISTANCE,30000,3238272,1104002,99.65,17566,1.59,99.65,51418,1.58
Dinajpur,,16705992B66423446659680,BGD,ADM2,education,DISTANCE,35000,3243501,1105774,99.81,1772,0.16,99.81,5229,0.16
Dinajpur,,16705992B66423446659680,BGD,ADM2,education,DISTANCE,40000,3244732,1106193,99.84,419,0.04,99.84,1231,0.04
Dinajpur,,16705992B66423446659680,BGD,ADM2,education,DISTANCE,45000,3247925,1107282,99.94,1089,0.1,99.94,3193,0.1
Dinajpur,,16705992B66423446659680,BGD,ADM2,education,DISTANCE,50000,3249180,1107709,99.98,427,0.04,99.98,1255,0.04
Panchagarh,,16705992B66536058617583,BGD,ADM2,education,DISTANCE,5000,220918,82144,20.1,82144,20.1,20.1,220918,20.1
Panchagarh,,16705992B66536058617583,BGD,ADM2,education,DISTANCE,10000,475103,176667,43.23,94523,23.13,43.23,254185,23.13
Panchagarh,,16705992B66536058617583,BGD,ADM2,education,DISTANCE,15000,756147,281173,68.8,104506,25.57,68.8,281044,25.57
Panchagarh,,16705992B66536058617583,BGD,ADM2,education,DISTANCE,20000,986031,366640,89.71,85467,20.91,89.71,229884,20.92
Panchagarh,,16705992B66536058617583,BGD,ADM2,education,DISTANCE,25000,1060724,394408,96.51,27768,6.79,96.51,74693,6.8
Panchagarh,,16705992B66536058617583,BGD,ADM2,education,DISTANCE,30000,1063243,395344,96.73,936,0.23,96.74,2519,0.23
Panchagarh,,16705992B66536058617583,BGD,ADM2,education,DISTANCE,35000,1096381,407667,99.75,12323,3.02,99.75,33138,3.01
Panchagarh,,16705992B66536058617583,BGD,ADM2,education,DISTANCE,40000,1097007,407900,99.81,233,0.06,99.81,626,0.06
Panchagarh,,16705992B66536058617583,BGD,ADM2,education,DISTANCE,45000,1097007,407900,99.81,0,0.0,99.81,0,0.0
Panchagarh,,16705992B66536058617583,BGD,ADM2,education,DISTANCE,50000,1097007,407900,99.81,0,0.0,99.81,0,0.0
Barisal,,16705992B66943755852345,BGD,ADM2,education,DISTANCE,5000,576289,216872,26.0,216872,26.0,26.0,576289,26.0
Barisal,,16705992B66943755852345,BGD,ADM2,education,DISTANCE,10000,694627,261400,31.34,44528,5.34,31.34,118338,5.34
Barisal,,16705992B66943755852345,BGD,ADM2,education,DISTANCE,15000,818652,308079,36.94,46679,5.6,36.94,124025,5.6
Barisal,,16705992B66943755852345,BGD,ADM2,education,DISTANCE,20000,987963,371799,44.58,63720,7.64,44.57,169311,7.64
Barisal,,16705992B66943755852345,BGD,ADM2,education,DISTANCE,25000,1152585,433773,52.01,61974,7.43,52.0,164622,7.43
Barisal,,16705992B66943755852345,BGD,ADM2,education,DISTANCE,30000,1205370,453652,54.39,19879,2.38,54.38,52785,2.38
Barisal,,16705992B66943755852345,BGD,ADM2,education,DISTANCE,35000,1218050,458426,54.97,4774,0.57,54.95,12680,0.57
Barisal,,16705992B66943755852345,BGD,ADM2,education,DISTANCE,40000,1225525,461240,55.3,2814,0.34,55.29,7475,0.34
Barisal,,16705992B66943755852345,BGD,ADM2,education,DISTANCE,45000,1230247,463018,55.52,1778,0.21,55.51,4722,0.21
Barisal,,16705992B66943755852345,BGD,ADM2,education,DISTANCE,50000,1231324,463423,55.57,405,0.05,55.55,1077,0.05
Faridpur,,16705992B67131385183639,BGD,ADM2,education,DISTANCE,5000,295785,109832,14.84,109832,14.84,14.83,295785,14.83
Faridpur,,16705992B67131385183639,BGD,ADM2,education,DISTANCE,10000,561163,208366,28.15,98534,13.31,28.14,265378,13.31
Faridpur,,16705992B67131385183639,BGD,ADM2,education,DISTANCE,15000,775673,287916,38.9,79550,10.75,38.9,214510,10.76
Faridpur,,16705992B67131385183639,BGD,ADM2,education,DISTANCE,20000,1112913,413057,55.8,125141,16.91,55.81,337240,16.91
Faridpur,,16705992B67131385183639,BGD,ADM2,education,DISTANCE,25000,1364542,506589,68.44,93532,12.64,68.43,251629,12.62
Faridpur,,16705992B67131385183639,BGD,ADM2,education,DISTANCE,30000,1482115,550383,74.36,43794,5.92,74.33,117573,5.9
Faridpur,,16705992B67131385183639,BGD,ADM2,education,DISTANCE,35000,1504583,558726,75.48,8343,1.13,75.46,22468,1.13
Faridpur,,16705992B67131385183639,BGD,ADM2,education,DISTANCE,40000,1518740,563953,76.19,5227,0.71,76.17,14157,0.71
Faridpur,,16705992B67131385183639,BGD,ADM2,education,DISTANCE,45000,1548473,574993,77.68,11040,1.49,77.66,29733,1.49
Faridpur,,16705992B67131385183639,BGD,ADM2,education,DISTANCE,50000,1732563,643371,86.92,68378,9.24,86.89,184090,9.23
Chandpur,,16705992B70711841490613,BGD,ADM2,education,DISTANCE,5000,499186,199284,20.22,199284,20.22,20.22,499186,20.22
Chandpur,,16705992B70711841490613,BGD,ADM2,education,DISTANCE,10000,1034739,413099,41.91,213815,21.69,41.92,535553,21.69
Chandpur,,16705992B70711841490613,BGD,ADM2,education,DISTANCE,15000,1705539,680918,69.09,267819,27.17,69.09,670800,27.17
Chandpur,,16705992B70711841490613,BGD,ADM2,education,DISTANCE,20000,2150185,858425,87.1,177507,18.01,87.1,444646,18.01
Chandpur,,16705992B70711841490613,BGD,ADM2,education,DISTANCE,25000,2285259,912381,92.57,53956,5.47,92.57,135074,5.47
Chandpur,,16705992B70711841490613,BGD,ADM2,education,DISTANCE,30000,2292168,915139,92.85,2758,0.28,92.85,6909,0.28
Chandpur,,16705992B70711841490613,BGD,ADM2,education,DISTANCE,35000,2415574,964400,97.85,49261,5.0,97.85,123406,5.0
Chandpur,,16705992B70711841490613,BGD,ADM2,education,DISTANCE,40000,2416809,964893,97.9,493,0.05,97.9,1235,0.05
Chandpur,,16705992B70711841490613,BGD,ADM2,education,DISTANCE,45000,2417853,965310,97.94,417,0.04,97.94,1044,0.04
Chandpur,,16705992B70711841490613,BGD,ADM2,education,DISTANCE,50000,2418355,965510,97.96,200,0.02,97.96,502,0.02
Nilphamari,,16705992B74406959438199,BGD,ADM2,education,DISTANCE,5000,567152,215169,28.72,215169,28.72,28.75,567152,28.75
Nilphamari,,16705992B74406959438199,BGD,ADM2,education,DISTANCE,10000,1221670,463615,61.88,248446,33.16,61.93,654518,33.18
Nilphamari,,16705992B74406959438199,BGD,ADM2,education,DISTANCE,15000,1539290,584385,78.0,120770,16.12,78.03,317620,16.1
Nilphamari,,16705992B74406959438199,BGD,ADM2,education,DISTANCE,20000,1788162,679059,90.63,94674,12.64,90.65,248872,12.62
Nilphamari,,16705992B74406959438199,BGD,ADM2,education,DISTANCE,25000,1865086,708325,94.54,29266,3.91,94.55,76924,3.9
Nilphamari,,16705992B74406959438199,BGD,ADM2,education,DISTANCE,30000,1914261,727034,97.03,18709,2.5,97.04,49175,2.49
Nilphamari,,16705992B74406959438199,BGD,ADM2,education,DISTANCE,35000,1920282,729325,97.34,2291,0.31,97.35,6021,0.31
Nilphamari,,16705992B74406959438199,BGD,ADM2,education,DISTANCE,40000,1924853,731064,97.57,1739,0.23,97.58,4571,0.23
Nilphamari,,16705992B74406959438199,BGD,ADM2,education,DISTANCE,45000,1924853,731064,97.57,0,0.0,97.58,0,0.0
Nilphamari,,16705992B74406959438199,BGD,ADM2,education,DISTANCE,50000,1952937,741749,99.0,10685,1.43,99.0,28084,1.42
Gaibandha,,16705992B74857221285320,BGD,ADM2,education,DISTANCE,5000,379303,133834,14.52,133834,14.52,14.52,379303,14.52
Gaibandha,,16705992B74857221285320,BGD,ADM2,education,DISTANCE,10000,871242,307432,33.35,173598,18.83,33.34,491939,18.83
Gaibandha,,16705992B74857221285320,BGD,ADM2,education,DISTANCE,15000,1228805,433598,47.04,126166,13.69,47.03,357563,13.68
Gaibandha,,16705992B74857221285320,BGD,ADM2,education,DISTANCE,20000,1720669,607120,65.86,173522,18.82,65.85,491864,18.82
Gaibandha,,16705992B74857221285320,BGD,ADM2,education,DISTANCE,25000,2088106,736779,79.93,129659,14.07,79.92,367437,14.06
Gaibandha,,16705992B74857221285320,BGD,ADM2,education,DISTANCE,30000,2321974,819325,88.88,82546,8.95,88.87,233868,8.95
Gaibandha,,16705992B74857221285320,BGD,ADM2,education,DISTANCE,35000,2342761,826655,89.68,7330,0.8,89.66,20787,0.8
Gaibandha,,16705992B74857221285320,BGD,ADM2,education,DISTANCE,40000,2405912,848885,92.09,22230,2.41,92.08,63151,2.42
Gaibandha,,16705992B74857221285320,BGD,ADM2,education,DISTANCE,45000,2430505,857480,93.02,8595,0.93,93.02,24593,0.94
Gaibandha,,16705992B74857221285320,BGD,ADM2,education,DISTANCE,50000,2430655,857530,93.03,50,0.01,93.03,150,0.01
Nawabganj,,16705992B76725860359822,BGD,ADM2,education,DISTANCE,5000,515723,193303,28.0,193303,28.0,27.98,515723,27.98
Nawabganj,,16705992B76725860359822,BGD,ADM2,education,DISTANCE,10000,702015,263134,38.11,69831,10.11,38.09,186292,10.11
Nawabganj,,16705992B76725860359822,BGD,ADM2,education,DISTANCE,15000,893955,335011,48.52,71877,10.41,48.5,191940,10.41
Nawabganj,,16705992B76725860359822,BGD,ADM2,education,DISTANCE,20000,1128379,422851,61.24,87840,12.72,61.22,234424,12.72
Nawabganj,,16705992B76725860359822,BGD,ADM2,education,DISTANCE,25000,1310075,490881,71.09,68030,9.85,71.08,181696,9.86
Nawabganj,,16705992B76725860359822,BGD,ADM2,education,DISTANCE,30000,1373189,514533,74.52,23652,3.43,74.5,63114,3.42
Nawabganj,,16705992B76725860359822,BGD,ADM2,education,DISTANCE,35000,1431556,536413,77.69,21880,3.17,77.67,58367,3.17
Nawabganj,,16705992B76725860359822,BGD,ADM2,education,DISTANCE,40000,1437411,538608,78.01,2195,0.32,77.99,5855,0.32
Nawabganj,,16705992B76725860359822,BGD,ADM2,education,DISTANCE,45000,1488120,557617,80.76,19009,2.75,80.74,50709,2.75
Nawabganj,,16705992B76725860359822,BGD,ADM2,education,DISTANCE,50000,1526929,572165,82.87,14548,2.11,82.85,38809,2.11
Jhenaidah,,16705992B77509092527129,BGD,ADM2,education,DISTANCE,5000,626116,204946,33.05,204946,33.05,33.05,626116,33.05
Jhenaidah,,16705992B77509092527129,BGD,ADM2,education,DISTANCE,10000,906220,296633,47.84,91687,14.79,47.84,280104,14.79
Jhenaidah,,16705992B77509092527129,BGD,ADM2,education,DISTANCE,15000,1168088,382346,61.66,85713,13.82,61.66,261868,13.82
Jhenaidah,,16705992B77509092527129,BGD,ADM2,education,DISTANCE,20000,1428896,467718,75.43,85372,13.77,75.43,260808,13.77
Jhenaidah,,16705992B77509092527129,BGD,ADM2,education,DISTANCE,25000,1472043,481841,77.7,14123,2.28,77.71,43147,2.28
Jhenaidah,,16705992B77509092527129,BGD,ADM2,education,DISTANCE,30000,1503264,492060,79.35,10219,1.65,79.36,31221,1.65
Jhenaidah,,16705992B77509092527129,BGD,ADM2,education,DISTANCE,35000,1643655,538009,86.76,45949,7.41,86.77,140391,7.41
Jhenaidah,,16705992B77509092527129,BGD,ADM2,education,DISTANCE,40000,1767701,578615,93.31,40606,6.55,93.32,124046,6.55
Jhenaidah,,16705992B77509092527129,BGD,ADM2,education,DISTANCE,45000,1854695,607087,97.9,28472,4.59,97.91,86994,4.59
Jhenaidah,,16705992B77509092527129,BGD,ADM2,education,DISTANCE,50000,1854771,607112,97.91,25,0.0,97.91,76,0.0
Bagerhat,,16705992B77600989823530,BGD,ADM2,education,DISTANCE,5000,410966,139141,29.07,139141,29.07,28.88,410966,28.88
Bagerhat,,16705992B77600989823530,BGD,ADM2,education,DISTANCE,10000,607804,204945,42.82,65804,13.75,42.71,196838,13.83
Bagerhat,,16705992B77600989823530,BGD,ADM2,education,DISTANCE,15000,832737,280190,58.54,75245,15.72,58.52,224933,15.81
Bagerhat,,16705992B77600989823530,BGD,ADM2,education,DISTANCE,20000,1035802,348316,72.78,68126,14.23,72.79,203065,14.27
Bagerhat,,16705992B77600989823530,BGD,ADM2,education,DISTANCE,25000,1150619,387241,80.91,38925,8.13,80.86,114817,8.07
Bagerhat,,16705992B77600989823530,BGD,ADM2,education,DISTANCE,30000,1202998,405131,84.65,17890,3.74,84.54,52379,3.68
Bagerhat,,16705992B77600989823530,BGD,ADM2,education,DISTANCE,35000,1265912,426132,89.03,21001,4.39,88.96,62914,4.42
Bagerhat,,16705992B77600989823530,BGD,ADM2,education,DISTANCE,40000,1288112,433542,90.58,7410,1.55,90.52,22200,1.56
Bagerhat,,16705992B77600989823530,BGD,ADM2,education,DISTANCE,45000,1322388,444982,92.97,11440,2.39,92.93,34276,2.41
Bagerhat,,16705992B77600989823530,BGD,ADM2,education,DISTANCE,50000,1325149,445904,93.17,922,0.19,93.12,2761,0.19
Habiganj,,16705992B7772300815487,BGD,ADM2,education,DISTANCE,5000,559040,237057,23.19,237057,23.19,23.18,559040,23.18
Habiganj,,16705992B7772300815487,BGD,ADM2,education,DISTANCE,10000,858460,363798,35.59,126741,12.4,35.59,299420,12.41
Habiganj,,16705992B7772300815487,BGD,ADM2,education,DISTANCE,15000,1163726,493277,48.25,129479,12.67,48.25,305266,12.66
Habiganj,,16705992B7772300815487,BGD,ADM2,education,DISTANCE,20000,1392047,590121,57.73,96844,9.47,57.72,228321,9.47
Habiganj,,16705992B7772300815487,BGD,ADM2,education,DISTANCE,25000,1558648,660792,64.64,70671,6.91,64.62,166601,6.91
Habiganj,,16705992B7772300815487,BGD,ADM2,education,DISTANCE,30000,1884486,798925,78.15,138133,13.51,78.13,325838,13.51
Habiganj,,16705992B7772300815487,BGD,ADM2,education,DISTANCE,35000,2140132,907306,88.75,108381,10.6,88.73,255646,10.6
Habiganj,,16705992B7772300815487,BGD,ADM2,education,DISTANCE,40000,2164447,917610,89.76,10304,1.01,89.74,24315,1.01
Habiganj,,16705992B7772300815487,BGD,ADM2,education,DISTANCE,45000,2165079,917880,89.79,270,0.03,89.77,632,0.03
Habiganj,,16705992B7772300815487,BGD,ADM2,education,DISTANCE,50000,2166553,918505,89.85,625,0.06,89.83,1474,0.06
Magura,,16705992B78415132034426,BGD,ADM2,education,DISTANCE,5000,214583,75193,21.55,75193,21.55,21.57,214583,21.57
Magura,,16705992B78415132034426,BGD,ADM2,education,DISTANCE,10000,374440,131204,37.61,56011,16.06,37.64,159857,16.07
Magura,,16705992B78415132034426,BGD,ADM2,education,DISTANCE,15000,502442,176056,50.46,44852,12.86,50.51,128002,12.87
Magura,,16705992B78415132034426,BGD,ADM2,education,DISTANCE,20000,563075,197310,56.56,21254,6.09,56.6,60633,6.1
Magura,,16705992B78415132034426,BGD,ADM2,education,DISTANCE,25000,604518,211851,60.73,14541,4.17,60.77,41443,4.17
Magura,,16705992B78415132034426,BGD,ADM2,education,DISTANCE,30000,634106,222224,63.7,10373,2.97,63.75,29588,2.97
Magura,,16705992B78415132034426,BGD,ADM2,education,DISTANCE,35000,758124,265699,76.16,43475,12.46,76.21,124018,12.47
Magura,,16705992B78415132034426,BGD,ADM2,education,DISTANCE,40000,842519,295234,84.63,29535,8.47,84.7,84395,8.48
Magura,,16705992B78415132034426,BGD,ADM2,education,DISTANCE,45000,850192,297924,85.4,2690,0.77,85.47,7673,0.77
Magura,,16705992B78415132034426,BGD,ADM2,education,DISTANCE,50000,850262,297948,85.4,24,0.01,85.48,70,0.01
Manikganj,,16705992B79131283702140,BGD,ADM2,education,DISTANCE,5000,512793,167601,34.63,167601,34.63,34.63,512793,34.63
Manikganj,,16705992B79131283702140,BGD,ADM2,education,DISTANCE,10000,768992,251301,51.93,83700,17.3,51.93,256199,17.3
Manikganj,,16705992B79131283702140,BGD,ADM2,education,DISTANCE,15000,895762,292704,60.48,41403,8.56,60.49,126770,8.56
Manikganj,,16705992B79131283702140,BGD,ADM2,education,DISTANCE,20000,1037154,338861,70.02,46157,9.54,70.04,141392,9.55
Manikganj,,16705992B79131283702140,BGD,ADM2,education,DISTANCE,25000,1202867,392988,81.2,54127,11.18,81.23,165713,11.19
Manikganj,,16705992B79131283702140,BGD,ADM2,education,DISTANCE,30000,1207090,394369,81.49,1381,0.29,81.51,4223,0.29
Manikganj,,16705992B79131283702140,BGD,ADM2,education,DISTANCE,35000,1208788,394924,81.6,555,0.11,81.63,1698,0.11
Manikganj,,16705992B79131283702140,BGD,ADM2,education,DISTANCE,40000,1297631,423989,87.61,29065,6.01,87.63,88843,6.0
Manikganj,,16705992B79131283702140,BGD,ADM2,education,DISTANCE,45000,1298665,424327,87.68,338,0.07,87.7,1034,0.07
Manikganj,,16705992B79131283702140,BGD,ADM2,education,DISTANCE,50000,1299722,424672,87.75,345,0.07,87.77,1057,0.07
Kishoreganj,,16705992B82604838368079,BGD,ADM2,education,DISTANCE,5000,730611,298835,22.68,298835,22.68,22.68,730611,22.68
Kishoreganj,,16705992B82604838368079,BGD,ADM2,education,DISTANCE,10000,1319665,539665,40.97,240830,18.28,40.97,589054,18.29
Kishoreganj,,16705992B82604838368079,BGD,ADM2,education,DISTANCE,15000,1838355,751688,57.06,212023,16.09,57.07,518690,16.1
Kishoreganj,,16705992B82604838368079,BGD,ADM2,education,DISTANCE,20000,2138392,874147,66.36,122459,9.3,66.39,300037,9.31
Kishoreganj,,16705992B82604838368079,BGD,ADM2,education,DISTANCE,25000,2219534,907348,68.88,33201,2.52,68.91,81142,2.52
Kishoreganj,,16705992B82604838368079,BGD,ADM2,education,DISTANCE,30000,2341008,957043,72.65,49695,3.77,72.68,121474,3.77
Kishoreganj,,16705992B82604838368079,BGD,ADM2,education,DISTANCE,35000,2351207,961215,72.97,4172,0.32,72.99,10199,0.32
Kishoreganj,,16705992B82604838368079,BGD,ADM2,education,DISTANCE,40000,2354209,962444,73.06,1229,0.09,73.09,3002,0.09
Kishoreganj,,16705992B82604838368079,BGD,ADM2,education,DISTANCE,45000,2355976,963167,73.11,723,0.05,73.14,1767,0.05
Kishoreganj,,16705992B82604838368079,BGD,ADM2,education,DISTANCE,50000,2358414,964165,73.19,998,0.08,73.22,2438,0.08
Feni,,16705992B83268326466345,BGD,ADM2,education,DISTANCE,5000,633442,253722,40.8,253722,40.8,40.83,633442,40.83
Feni,,16705992B83268326466345,BGD,ADM2,education,DISTANCE,10000,1070605,429309,69.03,175587,28.23,69.02,437163,28.18
Feni,,16705992B83268326466345,BGD,ADM2,education,DISTANCE,15000,1187966,476351,76.59,47042,7.56,76.58,117361,7.57
Feni,,16705992B83268326466345,BGD,ADM2,education,DISTANCE,20000,1339951,537290,86.39,60939,9.8,86.38,151985,9.8
Feni,,16705992B83268326466345,BGD,ADM2,education,DISTANCE,25000,1436781,576083,92.63,38793,6.24,92.62,96830,6.24
Feni,,16705992B83268326466345,BGD,ADM2,education,DISTANCE,30000,1476899,592151,95.21,16068,2.58,95.21,40118,2.59
Feni,,16705992B83268326466345,BGD,ADM2,education,DISTANCE,35000,1493174,598674,96.26,6523,1.05,96.26,16275,1.05
Feni,,16705992B83268326466345,BGD,ADM2,education,DISTANCE,40000,1493895,598963,96.31,289,0.05,96.3,721,0.05
Feni,,16705992B83268326466345,BGD,ADM2,education,DISTANCE,45000,1500972,601797,96.76,2834,0.46,96.76,7077,0.46
Feni,,16705992B83268326466345,BGD,ADM2,education,DISTANCE,50000,1501109,601852,96.77,55,0.01,96.77,137,0.01
Lalmonirhat,,16705992B84214314165922,BGD,ADM2,education,DISTANCE,5000,355217,131949,27.11,131949,27.11,27.09,355217,27.09
Lalmonirhat,,16705992B84214314165922,BGD,ADM2,education,DISTANCE,10000,641956,238366,48.97,106417,21.86,48.95,286739,21.87
Lalmonirhat,,16705992B84214314165922,BGD,ADM2,education,DISTANCE,15000,802602,297871,61.2,59505,12.23,61.2,160646,12.25
Lalmonirhat,,16705992B84214314165922,BGD,ADM2,education,DISTANCE,20000,910033,337706,69.38,39835,8.18,69.39,107431,8.19
Lalmonirhat,,16705992B84214314165922,BGD,ADM2,education,DISTANCE,25000,958208,355609,73.06,17903,3.68,73.07,48175,3.67
Lalmonirhat,,16705992B84214314165922,BGD,ADM2,education,DISTANCE,30000,990888,367750,75.56,12141,2.49,75.56,32680,2.49
Lalmonirhat,,16705992B84214314165922,BGD,ADM2,education,DISTANCE,35000,1019535,378295,77.72,10545,2.17,77.74,28647,2.18
Lalmonirhat,,16705992B84214314165922,BGD,ADM2,education,DISTANCE,40000,1081032,401142,82.42,22847,4.69,82.43,61497,4.69
Lalmonirhat,,16705992B84214314165922,BGD,ADM2,education,DISTANCE,45000,1085847,402931,82.78,1789,0.37,82.8,4815,0.37
Lalmonirhat,,16705992B84214314165922,BGD,ADM2,education,DISTANCE,50000,1087589,403579,82.92,648,0.13,82.93,1742,0.13
Bogra,,16705992B87441692505107,BGD,ADM2,education,DISTANCE,5000,875638,282327,23.06,282327,23.06,23.06,875638,23.06
Bogra,,16705992B87441692505107,BGD,ADM2,education,DISTANCE,10000,1353675,436502,35.65,154175,12.59,35.65,478037,12.59
Bogra,,16705992B87441692505107,BGD,ADM2,education,DISTANCE,15000,1971961,635702,51.92,199200,16.27,51.93,618286,16.28
Bogra,,16705992B87441692505107,BGD,ADM2,education,DISTANCE,20000,2462762,794186,64.86,158484,12.94,64.85,490801,12.92
Bogra,,16705992B87441692505107,BGD,ADM2,education,DISTANCE,25000,2795411,901343,73.61,107157,8.75,73.61,332649,8.76
Bogra,,16705992B87441692505107,BGD,ADM2,education,DISTANCE,30000,3329214,1073428,87.66,172085,14.05,87.67,533803,14.06
Bogra,,16705992B87441692505107,BGD,ADM2,education,DISTANCE,35000,3362052,1084014,88.53,10586,0.86,88.53,32838,0.86
Bogra,,16705992B87441692505107,BGD,ADM2,education,DISTANCE,40000,3432624,1106701,90.38,22687,1.85,90.39,70572,1.86
Bogra,,16705992B87441692505107,BGD,ADM2,education,DISTANCE,45000,3457634,1114992,91.06,8291,0.68,91.05,25010,0.66
Bogra,,16705992B87441692505107,BGD,ADM2,education,DISTANCE,50000,3458009,1115113,91.07,121,0.01,91.06,375,0.01
Gopalganj,,16705992B87804307332289,BGD,ADM2,education,DISTANCE,5000,192900,73948,16.74,73948,16.74,16.8,192900,16.8
Gopalganj,,16705992B87804307332289,BGD,ADM2,education,DISTANCE,10000,305221,117194,26.53,43246,9.79,26.59,112321,9.78
Gopalganj,,16705992B87804307332289,BGD,ADM2,education,DISTANCE,15000,411714,158176,35.81,40982,9.28,35.86,106493,9.28
Gopalganj,,16705992B87804307332289,BGD,ADM2,education,DISTANCE,20000,541779,208272,47.15,50096,11.34,47.19,130065,11.33
Gopalganj,,16705992B87804307332289,BGD,ADM2,education,DISTANCE,25000,721661,277490,62.82,69218,15.67,62.86,179882,15.67
Gopalganj,,16705992B87804307332289,BGD,ADM2,education,DISTANCE,30000,840237,323197,73.17,45707,10.35,73.19,118576,10.33
Gopalganj,,16705992B87804307332289,BGD,ADM2,education,DISTANCE,35000,858849,330372,74.8,7175,1.62,74.81,18612,1.62
Gopalganj,,16705992B87804307332289,BGD,ADM2,education,DISTANCE,40000,1014484,390307,88.37,59935,13.57,88.37,155635,13.56
Gopalganj,,16705992B87804307332289,BGD,ADM2,education,DISTANCE,45000,1063585,409231,92.65,18924,4.28,92.65,49101,4.28
Gopalganj,,16705992B87804307332289,BGD,ADM2,education,DISTANCE,50000,1103254,424451,96.1,15220,3.45,96.1,39669,3.46
Madaripur,,16705992B87985099055959,BGD,ADM2,education,DISTANCE,5000,315076,121905,26.65,121905,26.65,26.64,315076,26.64
Madaripur,,16705992B87985099055959,BGD,ADM2,education,DISTANCE,10000,432984,167452,36.6,45547,9.96,36.6,117908,9.97
Madaripur,,16705992B87985099055959,BGD,ADM2,education,DISTANCE,15000,652180,252408,55.17,84956,18.57,55.13,219196,18.53
Madaripur,,16705992B87985099055959,BGD,ADM2,education,DISTANCE,20000,717076,277475,60.65,25067,5.48,60.62,64896,5.49
Madaripur,,16705992B87985099055959,BGD,ADM2,education,DISTANCE,25000,801434,310082,67.78,32607,7.13,67.75,84358,7.13
Madaripur,,16705992B87985099055959,BGD,ADM2,education,DISTANCE,30000,958548,370790,81.05,60708,13.27,81.03,157114,13.28
Madaripur,,16705992B87985099055959,BGD,ADM2,education,DISTANCE,35000,1049091,405791,88.7,35001,7.65,88.69,90543,7.65
Madaripur,,16705992B87985099055959,BGD,ADM2,education,DISTANCE,40000,1085750,419959,91.79,14168,3.1,91.79,36659,3.1
Madaripur,,16705992B87985099055959,BGD,ADM2,education,DISTANCE,45000,1085852,419999,91.8,40,0.01,91.8,102,0.01
Madaripur,,16705992B87985099055959,BGD,ADM2,education,DISTANCE,50000,1085854,419999,91.8,0,0.0,91.8,2,0.0
Dhaka,,16705992B90744549146712,BGD,ADM2,education,DISTANCE,5000,15096592,4799946,94.89,4799946,94.89,94.91,15096592,94.91
Dhaka,,16705992B90744549146712,BGD,ADM2,education,DISTANCE,10000,15516672,4934255,97.54,134309,2.66,97.55,420080,2.64
Dhaka,,16705992B90744549146712,BGD,ADM2,education,DISTANCE,15000,15697996,4992236,98.69,57981,1.15,98.69,181324,1.14
Dhaka,,16705992B90744549146712,BGD,ADM2,education,DISTANCE,20000,15782421,5019081,99.22,26845,0.53,99.22,84425,0.53
Dhaka,,16705992B90744549146712,BGD,ADM2,education,DISTANCE,25000,15851197,5041054,99.65,21973,0.43,99.65,68776,0.43
Dhaka,,16705992B90744549146712,BGD,ADM2,education,DISTANCE,30000,15851772,5041237,99.66,183,0.0,99.66,575,0.0
Dhaka,,16705992B90744549146712,BGD,ADM2,education,DISTANCE,35000,15853439,5041767,99.67,530,0.01,99.67,1667,0.01
Dhaka,,16705992B90744549146712,BGD,ADM2,education,DISTANCE,40000,15854511,5042116,99.68,349,0.01,99.68,1072,0.01
Dhaka,,16705992B90744549146712,BGD,ADM2,education,DISTANCE,45000,15854910,5042243,99.68,127,0.0,99.68,399,0.0
Dhaka,,16705992B90744549146712,BGD,ADM2,education,DISTANCE,50000,15855369,5042389,99.68,146,0.0,99.68,459,0.0
Sherpur,,16705992B90842308963557,BGD,ADM2,education,DISTANCE,5000,351355,130347,25.66,130347,25.66,25.66,351355,25.66
Sherpur,,16705992B90842308963557,BGD,ADM2,education,DISTANCE,10000,542084,201083,39.58,70736,13.92,39.59,190729,13.93
Sherpur,,16705992B90842308963557,BGD,ADM2,education,DISTANCE,15000,757589,281018,55.31,79935,15.73,55.32,215505,15.74
Sherpur,,16705992B90842308963557,BGD,ADM2,education,DISTANCE,20000,973851,361273,71.11,80255,15.8,71.12,216262,15.79
Sherpur,,16705992B90842308963557,BGD,ADM2,education,DISTANCE,25000,1187003,440396,86.69,79123,15.57,86.68,213152,15.57
Sherpur,,16705992B90842308963557,BGD,ADM2,education,DISTANCE,30000,1257843,466700,91.86,26304,5.18,91.85,70840,5.17
Sherpur,,16705992B90842308963557,BGD,ADM2,education,DISTANCE,35000,1258558,466960,91.91,260,0.05,91.91,715,0.05
Sherpur,,16705992B90842308963557,BGD,ADM2,education,DISTANCE,40000,1258597,466974,91.92,14,0.0,91.91,39,0.0
Sherpur,,16705992B90842308963557,BGD,ADM2,education,DISTANCE,45000,1258600,466975,91.92,1,0.0,91.91,3,0.0
Sherpur,,16705992B90842308963557,BGD,ADM2,education,DISTANCE,50000,1258613,466980,91.92,5,0.0,91.91,13,0.0
Shariatpur,,16705992B92388810566131,BGD,ADM2,education,DISTANCE,5000,363875,146959,29.85,146959,29.85,29.85,363875,29.85
Shariatpur,,16705992B92388810566131,BGD,ADM2,education,DISTANCE,10000,532812,215214,43.72,68255,13.87,43.71,168937,13.86
Shariatpur,,16705992B92388810566131,BGD,ADM2,education,DISTANCE,15000,776546,313625,63.71,98411,19.99,63.7,243734,19.99
Shariatpur,,16705992B92388810566131,BGD,ADM2,education,DISTANCE,20000,855803,345659,70.22,32034,6.51,70.21,79257,6.5
Shariatpur,,16705992B92388810566131,BGD,ADM2,education,DISTANCE,25000,868491,350787,71.26,5128,1.04,71.25,12688,1.04
Shariatpur,,16705992B92388810566131,BGD,ADM2,education,DISTANCE,30000,928958,375216,76.22,24429,4.96,76.21,60467,4.96
Shariatpur,,16705992B92388810566131,BGD,ADM2,education,DISTANCE,35000,933796,377172,76.62,1956,0.4,76.6,4838,0.4
Shariatpur,,16705992B92388810566131,BGD,ADM2,education,DISTANCE,40000,934203,377336,76.65,164,0.03,76.64,407,0.03
Shariatpur,,16705992B92388810566131,BGD,ADM2,education,DISTANCE,45000,959204,387443,78.7,10107,2.05,78.69,25001,2.05
Shariatpur,,16705992B92388810566131,BGD,ADM2,education,DISTANCE,50000,959247,387461,78.71,18,0.0,78.69,43,0.0
Chittagong,,16705992B94200136889214,BGD,ADM2,education,DISTANCE,5000,5261271,2020436,62.31,2020436,62.31,62.33,5261271,62.33
Chittagong,,16705992B94200136889214,BGD,ADM2,education,DISTANCE,10000,6221947,2389426,73.68,368990,11.38,73.72,960676,11.38
Chittagong,,16705992B94200136889214,BGD,ADM2,education,DISTANCE,15000,6814763,2617081,80.71,227655,7.02,80.74,592816,7.02
Chittagong,,16705992B94200136889214,BGD,ADM2,education,DISTANCE,20000,7189632,2761362,85.15,144281,4.45,85.18,374869,4.44
Chittagong,,16705992B94200136889214,BGD,ADM2,education,DISTANCE,25000,7327813,2814848,86.8,53486,1.65,86.82,138181,1.64
Chittagong,,16705992B94200136889214,BGD,ADM2,education,DISTANCE,30000,7501199,2881528,88.86,66680,2.06,88.87,173386,2.05
Chittagong,,16705992B94200136889214,BGD,ADM2,education,DISTANCE,35000,7526475,2891235,89.16,9707,0.3,89.17,25276,0.3
Chittagong,,16705992B94200136889214,BGD,ADM2,education,DISTANCE,40000,7636755,2933806,90.47,42571,1.31,90.48,110280,1.31
Chittagong,,16705992B94200136889214,BGD,ADM2,education,DISTANCE,45000,7647144,2937796,90.6,3990,0.12,90.6,10389,0.12
Chittagong,,16705992B94200136889214,BGD,ADM2,education,DISTANCE,50000,7682765,2951490,91.02,13694,0.42,91.02,35621,0.42
Narsingdi,,16705992B95243043657125,BGD,ADM2,education,DISTANCE,5000,1338396,525544,51.91,525544,51.91,51.93,1338396,51.93
Narsingdi,,16705992B95243043657125,BGD,ADM2,education,DISTANCE,10000,1799892,706097,69.74,180553,17.83,69.83,461496,17.9
Narsingdi,,16705992B95243043657125,BGD,ADM2,education,DISTANCE,15000,2070103,812342,80.23,106245,10.49,80.31,270211,10.48
Narsingdi,,16705992B95243043657125,BGD,ADM2,education,DISTANCE,20000,2228891,874879,86.41,62537,6.18,86.47,158788,6.16
Narsingdi,,16705992B95243043657125,BGD,ADM2,education,DISTANCE,25000,2232387,876256,86.55,1377,0.14,86.61,3496,0.14
Narsingdi,,16705992B95243043657125,BGD,ADM2,education,DISTANCE,30000,2233663,876758,86.6,502,0.05,86.66,1276,0.05
Narsingdi,,16705992B95243043657125,BGD,ADM2,education,DISTANCE,35000,2234453,877069,86.63,311,0.03,86.69,790,0.03
Narsingdi,,16705992B95243043657125,BGD,ADM2,education,DISTANCE,40000,2244472,881015,87.02,3946,0.39,87.08,10019,0.39
Narsingdi,,16705992B95243043657125,BGD,ADM2,education,DISTANCE,45000,2244584,881059,87.02,44,0.0,87.08,112,0.0
Narsingdi,,16705992B95243043657125,BGD,ADM2,education,DISTANCE,50000,2244739,881120,87.03,61,0.01,87.09,155,0.01
Noakhali,,16705992B96773862439533,BGD,ADM2,education,DISTANCE,5000,1139352,498055,31.61,498055,31.61,31.6,1139352,31.6
Noakhali,,16705992B96773862439533,BGD,ADM2,education,DISTANCE,10000,1945814,850515,53.97,352460,22.37,53.96,806462,22.37
Noakhali,,16705992B96773862439533,BGD,ADM2,education,DISTANCE,15000,2808233,1227421,77.89,376906,23.92,77.88,862419,23.92
Noakhali,,16705992B96773862439533,BGD,ADM2,education,DISTANCE,20000,3117721,1362466,86.46,135045,8.57,86.46,309488,8.58
Noakhali,,16705992B96773862439533,BGD,ADM2,education,DISTANCE,25000,3219594,1407010,89.29,44544,2.83,89.29,101873,2.83
Noakhali,,16705992B96773862439533,BGD,ADM2,education,DISTANCE,30000,3327143,1454029,92.27,47019,2.98,92.27,107549,2.98
Noakhali,,16705992B96773862439533,BGD,ADM2,education,DISTANCE,35000,3327584,1454222,92.28,193,0.01,92.28,441,0.01
Noakhali,,16705992B96773862439533,BGD,ADM2,education,DISTANCE,40000,3328403,1454579,92.31,357,0.02,92.31,819,0.02
Noakhali,,16705992B96773862439533,BGD,ADM2,education,DISTANCE,45000,3330651,1455562,92.37,983,0.06,92.37,2248,0.06
Noakhali,,16705992B96773862439533,BGD,ADM2,education,DISTANCE,50000,3377960,1476177,93.68,20615,1.31,93.68,47309,1.31
Kurigram,,16705992B97164497642406,BGD,ADM2,education,DISTANCE,5000,852738,307293,39.34,307293,39.34,39.34,852738,39.34
Kurigram,,16705992B97164497642406,BGD,ADM2,education,DISTANCE,10000,1380823,497603,63.71,190310,24.37,63.7,528085,24.36
Kurigram,,16705992B97164497642406,BGD,ADM2,education,DISTANCE,15000,1713106,617348,79.04,119745,15.33,79.03,332283,15.33
Kurigram,,16705992B97164497642406,BGD,ADM2,education,DISTANCE,20000,1773419,639081,81.82,21733,2.78,81.81,60313,2.78
Kurigram,,16705992B97164497642406,BGD,ADM2,education,DISTANCE,25000,1799533,648483,83.03,9402,1.2,83.02,26114,1.2
Kurigram,,16705992B97164497642406,BGD,ADM2,education,DISTANCE,30000,1816345,654541,83.8,6058,0.78,83.79,16812,0.78
Kurigram,,16705992B97164497642406,BGD,ADM2,education,DISTANCE,35000,1861116,670673,85.87,16132,2.07,85.86,44771,2.07
Kurigram,,16705992B97164497642406,BGD,ADM2,education,DISTANCE,40000,1880273,677576,86.75,6903,0.88,86.74,19157,0.88
Kurigram,,16705992B97164497642406,BGD,ADM2,education,DISTANCE,45000,1888176,680424,87.12,2848,0.36,87.11,7903,0.36
Kurigram,,16705992B97164497642406,BGD,ADM2,education,DISTANCE,50000,1968330,709306,90.81,28882,3.7,90.8,80154,3.7
Munshiganj,,16705992B99884694518333,BGD,ADM2,education,DISTANCE,5000,715589,256020,45.98,256020,45.98,45.98,715589,45.98
Munshiganj,,16705992B99884694518333,BGD,ADM2,education,DISTANCE,10000,1044219,373660,67.11,117640,21.13,67.09,328630,21.11
Munshiganj,,16705992B99884694518333,BGD,ADM2,education,DISTANCE,15000,1350915,483333,86.81,109673,19.7,86.8,306696,19.71
Munshiganj,,16705992B99884694518333,BGD,ADM2,education,DISTANCE,20000,1405280,502788,90.3,19455,3.49,90.29,54365,3.49
Munshiganj,,16705992B99884694518333,BGD,ADM2,education,DISTANCE,25000,1478883,528982,95.01,26194,4.7,95.02,73603,4.73
Munshiganj,,16705992B99884694518333,BGD,ADM2,education,DISTANCE,30000,1483653,530697,95.32,1715,0.31,95.33,4770,0.31
Munshiganj,,16705992B99884694518333,BGD,ADM2,education,DISTANCE,35000,1484222,530905,95.35,208,0.04,95.36,569,0.04
Munshiganj,,16705992B99884694518333,BGD,ADM2,education,DISTANCE,40000,1485411,531331,95.43,426,0.08,95.44,1189,0.08
Munshiganj,,16705992B99884694518333,BGD,ADM2,education,DISTANCE,45000,1485681,531428,95.45,97,0.02,95.46,270,0.02
Munshiganj,,16705992B99884694518333,BGD,ADM2,education,DISTANCE,50000,1485824,531479,95.46,51,0.01,95.47,143,0.01
Rajshani,BD-E,32408957B27409320841034,BGD,ADM1,education,DISTANCE,5000,4839866,1637786,24.01,1637786,24.01,23.81,4839866,23.81
Rajshani,BD-E,32408957B27409320841034,BGD,ADM1,education,DISTANCE,10000,7458190,2528371,37.07,890585,13.06,36.69,2618324,12.88
Rajshani,BD-E,32408957B27409320841034,BGD,ADM1,education,DISTANCE,15000,9597412,3247464,47.61,719093,10.54,47.21,2139222,10.52
Rajshani,BD-E,32408957B27409320841034,BGD,ADM1,education,DISTANCE,20000,12224315,4129507,60.54,882043,12.93,60.13,2626903,12.92
Rajshani,BD-E,32408957B27409320841034,BGD,ADM1,education,DISTANCE,25000,13928663,4695080,68.83,565573,8.29,68.51,1704348,8.38
Rajshani,BD-E,32408957B27409320841034,BGD,ADM1,education,DISTANCE,30000,15265119,5135670,75.29,440590,6.46,75.09,1336456,6.57
Rajshani,BD-E,32408957B27409320841034,BGD,ADM1,education,DISTANCE,35000,16091982,5410058,79.32,274388,4.02,79.15,826863,4.07
Rajshani,BD-E,32408957B27409320841034,BGD,ADM1,education,DISTANCE,40000,16683016,5597423,82.06,187365,2.75,82.06,591034,2.91
Rajshani,BD-E,32408957B27409320841034,BGD,ADM1,education,DISTANCE,45000,17685348,5934795,87.01,337372,4.95,86.99,1002332,4.93
Rajshani,BD-E,32408957B27409320841034,BGD,ADM1,education,DISTANCE,50000,17978514,6037493,88.51,102698,1.51,88.43,293166,1.44
Barisal,BD-A,32408957B31852228482374,BGD,ADM1,education,DISTANCE,5000,2628030,1005961,33.6,1005961,33.6,32.92,2628030,32.92
Barisal,BD-A,32408957B31852228482374,BGD,ADM1,education,DISTANCE,10000,3313469,1259778,42.08,253817,8.48,41.5,685439,8.59
Barisal,BD-A,32408957B31852228482374,BGD,ADM1,education,DISTANCE,15000,3915162,1478314,49.38,218536,7.3,49.04,601693,7.54
Barisal,BD-A,32408957B31852228482374,BGD,ADM1,education,DISTANCE,20000,4706859,1773930,59.25,295616,9.87,58.96,791697,9.92
Barisal,BD-A,32408957B31852228482374,BGD,ADM1,education,DISTANCE,25000,5316599,1998252,66.74,224322,7.49,66.59,609740,7.64
Barisal,BD-A,32408957B31852228482374,BGD,ADM1,education,DISTANCE,30000,5572532,2091041,69.84,92789,3.1,69.8,255933,3.21
Barisal,BD-A,32408957B31852228482374,BGD,ADM1,education,DISTANCE,35000,5780865,2165987,72.35,74946,2.5,72.41,208333,2.61
Barisal,BD-A,32408957B31852228482374,BGD,ADM1,education,DISTANCE,40000,5827633,2183001,72.92,17014,0.57,73.0,46768,0.59
Barisal,BD-A,32408957B31852228482374,BGD,ADM1,education,DISTANCE,45000,5889320,2205746,73.68,22745,0.76,73.77,61687,0.77
Barisal,BD-A,32408957B31852228482374,BGD,ADM1,education,DISTANCE,50000,5974285,2236865,74.71,31119,1.04,74.83,84965,1.06
Khulna,BD-D,32408957B3859287816056,BGD,ADM1,education,DISTANCE,5000,6338296,2078906,39.07,2078906,39.07,39.21,6338296,39.21
Khulna,BD-D,32408957B3859287816056,BGD,ADM1,education,DISTANCE,10000,9505017,3120645,58.65,1041739,19.58,58.8,3166721,19.59
Khulna,BD-D,32408957B3859287816056,BGD,ADM1,education,DISTANCE,15000,11922171,3916521,73.6,795876,14.96,73.75,2417154,14.95
Khulna,BD-D,32408957B3859287816056,BGD,ADM1,education,DISTANCE,20000,13277829,4363958,82.01,447437,8.41,82.14,1355658,8.39
Khulna,BD-D,32408957B3859287816056,BGD,ADM1,education,DISTANCE,25000,13872084,4560350,85.7,196392,3.69,85.82,594255,3.68
Khulna,BD-D,32408957B3859287816056,BGD,ADM1,education,DISTANCE,30000,14218761,4676218,87.88,115868,2.18,87.96,346677,2.14
Khulna,BD-D,32408957B3859287816056,BGD,ADM1,education,DISTANCE,35000,14662641,4825230,90.68,149012,2.8,90.71,443880,2.75
Khulna,BD-D,32408957B3859287816056,BGD,ADM1,education,DISTANCE,40000,14956819,4924206,92.54,98976,1.86,92.53,294178,1.82
Khulna,BD-D,32408957B3859287816056,BGD,ADM1,education,DISTANCE,45000,15319508,5043004,94.77,118798,2.23,94.77,362689,2.24
Khulna,BD-D,32408957B3859287816056,BGD,ADM1,education,DISTANCE,50000,15355692,5054799,95.0,11795,0.22,94.99,36184,0.22
Sylhet,BD-G,32408957B58397560032916,BGD,ADM1,education,DISTANCE,5000,4107561,1756706,35.21,1756706,35.21,35.07,4107561,35.07
Sylhet,BD-G,32408957B58397560032916,BGD,ADM1,education,DISTANCE,10000,6806227,2910669,58.34,1153963,23.13,58.12,2698666,23.04
Sylhet,BD-G,32408957B58397560032916,BGD,ADM1,education,DISTANCE,15000,8441898,3609275,72.34,698606,14.0,72.08,1635671,13.97
Sylhet,BD-G,32408957B58397560032916,BGD,ADM1,education,DISTANCE,20000,9416121,4023692,80.65,414417,8.31,80.4,974223,8.32
Sylhet,BD-G,32408957B58397560032916,BGD,ADM1,education,DISTANCE,25000,9834568,4202199,84.23,178507,3.58,83.97,418447,3.57
Sylhet,BD-G,32408957B58397560032916,BGD,ADM1,education,DISTANCE,30000,10401351,4439868,88.99,237669,4.76,88.81,566783,4.84
Sylhet,BD-G,32408957B58397560032916,BGD,ADM1,education,DISTANCE,35000,10830214,4620112,92.61,180244,3.61,92.48,428863,3.66
Sylhet,BD-G,32408957B58397560032916,BGD,ADM1,education,DISTANCE,40000,10894225,4647610,93.16,27498,0.55,93.02,64011,0.55
Sylhet,BD-G,32408957B58397560032916,BGD,ADM1,education,DISTANCE,45000,10989711,4687819,93.96,40209,0.81,93.84,95486,0.82
Sylhet,BD-G,32408957B58397560032916,BGD,ADM1,education,DISTANCE,50000,11073167,4722112,94.65,34293,0.69,94.55,83456,0.71
Rangpur,BD-F,32408957B77489436868882,BGD,ADM1,education,DISTANCE,5000,4545711,1619381,26.66,1619381,26.66,26.67,4545711,26.67
Rangpur,BD-F,32408957B77489436868882,BGD,ADM1,education,DISTANCE,10000,8540948,3045782,50.14,1426401,23.48,50.11,3995237,23.44
Rangpur,BD-F,32408957B77489436868882,BGD,ADM1,education,DISTANCE,15000,11779594,4193100,69.03,1147318,18.89,69.12,3238646,19.0
Rangpur,BD-F,32408957B77489436868882,BGD,ADM1,education,DISTANCE,20000,14008700,4988021,82.12,794921,13.09,82.2,2229106,13.08
Rangpur,BD-F,32408957B77489436868882,BGD,ADM1,education,DISTANCE,25000,15102605,5377843,88.53,389822,6.42,88.61,1093905,6.42
Rangpur,BD-F,32408957B77489436868882,BGD,ADM1,education,DISTANCE,30000,15620698,5563303,91.59,185460,3.05,91.65,518093,3.04
Rangpur,BD-F,32408957B77489436868882,BGD,ADM1,education,DISTANCE,35000,15895593,5659661,93.17,96358,1.59,93.27,274895,1.61
Rangpur,BD-F,32408957B77489436868882,BGD,ADM1,education,DISTANCE,40000,16048436,5715000,94.08,55339,0.91,94.16,152843,0.9
Rangpur,BD-F,32408957B77489436868882,BGD,ADM1,education,DISTANCE,45000,16106421,5735146,94.42,20146,0.33,94.5,57985,0.34
Rangpur,BD-F,32408957B77489436868882,BGD,ADM1,education,DISTANCE,50000,16174009,5759637,94.82,24491,0.4,94.9,67588,0.4
Dhaka,BD-C,32408957B77718829177955,BGD,ADM1,education,DISTANCE,5000,27588833,9201919,58.74,9201919,58.74,60.72,27588833,60.72
Dhaka,BD-C,32408957B77718829177955,BGD,ADM1,education,DISTANCE,10000,32953361,11097808,70.84,1895889,12.1,72.52,5364528,11.81
Dhaka,BD-C,32408957B77718829177955,BGD,ADM1,education,DISTANCE,15000,36446777,12362752,78.91,1264944,8.07,80.21,3493416,7.69
Dhaka,BD-C,32408957B77718829177955,BGD,ADM1,education,DISTANCE,20000,38917659,13246727,84.56,883975,5.64,85.65,2470882,5.44
Dhaka,BD-C,32408957B77718829177955,BGD,ADM1,education,DISTANCE,25000,40401603,13774182,87.92,527455,3.37,88.91,1483944,3.27
Dhaka,BD-C,32408957B77718829177955,BGD,ADM1,education,DISTANCE,30000,41260569,14093270,89.96,319088,2.04,90.8,858966,1.89
Dhaka,BD-C,32408957B77718829177955,BGD,ADM1,education,DISTANCE,35000,41447415,14163969,90.41,70699,0.45,91.22,186846,0.41
Dhaka,BD-C,32408957B77718829177955,BGD,ADM1,education,DISTANCE,40000,41827775,14302023,91.29,138054,0.88,92.05,380360,0.84
Dhaka,BD-C,32408957B77718829177955,BGD,ADM1,education,DISTANCE,45000,41938932,14344725,91.57,42702,0.27,92.3,111157,0.24
Dhaka,BD-C,32408957B77718829177955,BGD,ADM1,education,DISTANCE,50000,42172769,14431982,92.12,87257,0.56,92.81,233837,0.51
Mymensingh,BD-H,32408957B83626866084602,BGD,ADM1,education,DISTANCE,5000,3860631,1472784,32.79,1472784,32.79,33.0,3860631,33.0
Mymensingh,BD-H,32408957B83626866084602,BGD,ADM1,education,DISTANCE,10000,6349426,2432397,54.16,959613,21.37,54.28,2488795,21.28
Mymensingh,BD-H,32408957B83626866084602,BGD,ADM1,education,DISTANCE,15000,8332036,3198770,71.23,766373,17.06,71.23,1982610,16.95
Mymensingh,BD-H,32408957B83626866084602,BGD,ADM1,education,DISTANCE,20000,9831402,3776805,84.1,578035,12.87,84.05,1499366,12.82
Mymensingh,BD-H,32408957B83626866084602,BGD,ADM1,education,DISTANCE,25000,10606380,4074477,90.73,297672,6.63,90.67,774978,6.63
Mymensingh,BD-H,32408957B83626866084602,BGD,ADM1,education,DISTANCE,30000,11101999,4264317,94.95,189840,4.23,94.91,495619,4.24
Mymensingh,BD-H,32408957B83626866084602,BGD,ADM1,education,DISTANCE,35000,11251681,4322051,96.24,57734,1.29,96.19,149682,1.28
Mymensingh,BD-H,32408957B83626866084602,BGD,ADM1,education,DISTANCE,40000,11262986,4326486,96.34,4435,0.1,96.28,11305,0.1
Mymensingh,BD-H,32408957B83626866084602,BGD,ADM1,education,DISTANCE,45000,11276863,4331965,96.46,5479,0.12,96.4,13877,0.12
Mymensingh,BD-H,32408957B83626866084602,BGD,ADM1,education,DISTANCE,50000,11287571,4336116,96.55,4151,0.09,96.49,10708,0.09
Chittagong,BD-B,32408957B94023193097291,BGD,ADM1,education,DISTANCE,5000,12353161,5019981,39.9,5019981,39.9,40.41,12353161,40.41
Chittagong,BD-B,32408957B94023193097291,BGD,ADM1,education,DISTANCE,10000,17984938,7358277,58.49,2338296,18.59,58.84,5631777,18.42
Chittagong,BD-B,32408957B94023193097291,BGD,ADM1,education,DISTANCE,15000,22163389,9107567,72.39,1749290,13.9,72.51,4178451,13.67
Chittagong,BD-B,32408957B94023193097291,BGD,ADM1,education,DISTANCE,20000,24777849,10198270,81.06,1090703,8.67,81.06,2614460,8.55
Chittagong,BD-B,32408957B94023193097291,BGD,ADM1,education,DISTANCE,25000,25975355,10698703,85.04,500433,3.98,84.98,1197506,3.92
Chittagong,BD-B,32408957B94023193097291,BGD,ADM1,education,DISTANCE,30000,26652136,10982035,87.29,283332,2.25,87.19,676781,2.21
Chittagong,BD-B,32408957B94023193097291,BGD,ADM1,education,DISTANCE,35000,27088025,11164345,88.74,182310,1.45,88.62,435889,1.43
Chittagong,BD-B,32408957B94023193097291,BGD,ADM1,education,DISTANCE,40000,27392442,11287705,89.72,123360,0.98,89.61,304417,1.0
Chittagong,BD-B,32408957B94023193097291,BGD,ADM1,education,DISTANCE,45000,27771219,11449299,91.0,161594,1.28,90.85,378777,1.24
Chittagong,BD-B,32408957B94023193097291,BGD,ADM1,education,DISTANCE,50000,28184491,11623488,92.39,174189,1.38,92.21,413272,1.35
Bangledesh,BGD,71232402B16306086515200,BGD,ADM0,education,DISTANCE,5000,66262091,23793429,40.37,23793429,40.37,41.17,66262091,41.17
Bangledesh,BGD,71232402B16306086515200,BGD,ADM0,education,DISTANCE,10000,92911578,33753732,57.27,9960303,16.9,57.73,26649487,16.56
Bangledesh,BGD,71232402B16306086515200,BGD,ADM0,education,DISTANCE,15000,112598443,41113766,69.76,7360034,12.49,69.96,19686865,12.23
Bangledesh,BGD,71232402B16306086515200,BGD,ADM0,education,DISTANCE,20000,127160737,46500914,78.9,5387148,9.14,79.01,14562294,9.05
Bangledesh,BGD,71232402B16306086515200,BGD,ADM0,education,DISTANCE,25000,135037860,49381090,83.79,2880176,4.89,83.91,7877123,4.89
Bangledesh,BGD,71232402B16306086515200,BGD,ADM0,education,DISTANCE,30000,140093170,51245726,86.95,1864636,3.16,87.05,5055310,3.14
Bangledesh,BGD,71232402B16306086515200,BGD,ADM0,education,DISTANCE,35000,143048420,52331416,88.79,1085690,1.84,88.89,2955250,1.84
Bangledesh,BGD,71232402B16306086515200,BGD,ADM0,education,DISTANCE,40000,144893335,52983456,89.9,652040,1.11,90.03,1844915,1.15
Bangledesh,BGD,71232402B16306086515200,BGD,ADM0,education,DISTANCE,45000,146977326,53732504,91.17,749048,1.27,91.33,2083991,1.29
Bangledesh,BGD,71232402B16306086515200,BGD,ADM0,education,DISTANCE,50000,148200503,54202496,91.97,469992,0.8,92.09,1223177,0.76
